2026-10-05T08:12:23Z
vm.loadavg: { 3.50 4.92 8.34 }
vm.swapusage: total = 10240.00M  used = 8933.62M  free = 1306.38M  (encrypted)
Pages free:                                     6769.
Pages active:                                1804696.
Pages inactive:                              1809899.
Pages wired down:                             410570.
Pages occupied by compressor:                 113494.
Swapins:                                     5784999.
Swapouts:                                    7432653.
2026-10-05T08:12:28Z
vm.loadavg: { 3.70 4.94 8.32 }
vm.swapusage: total = 10240.00M  used = 8933.62M  free = 1306.38M  (encrypted)
Pages free:                                     9812.
Pages active:                                1830838.
Pages inactive:                              1825295.
Pages wired down:                             365873.
Pages occupied by compressor:                 113538.
Swapins:                                     5785007.
Swapouts:                                    7432653.
2026-10-05T08:12:33Z
vm.loadavg: { 4.06 4.97 8.30 }
vm.swapusage: total = 10240.00M  used = 8933.62M  free = 1306.38M  (encrypted)
Pages free:                                     9306.
Pages active:                                1825084.
Pages inactive:                              1824484.
Pages wired down:                             372916.
Pages occupied by compressor:                 113534.
Swapins:                                     5785007.
Swapouts:                                    7432653.
2026-10-05T08:12:38Z
vm.loadavg: { 4.38 5.02 8.29 }
vm.swapusage: total = 10240.00M  used = 8933.62M  free = 1306.38M  (encrypted)
Pages free:                                     9929.
Pages active:                                1824583.
Pages inactive:                              1824099.
Pages wired down:                             373157.
Pages occupied by compressor:                 113533.
Swapins:                                     5785007.
Swapouts:                                    7432653.
2026-10-05T08:12:43Z
vm.loadavg: { 4.35 5.01 8.27 }
vm.swapusage: total = 10240.00M  used = 8933.62M  free = 1306.38M  (encrypted)
Pages free:                                    15466.
Pages active:                                1827240.
Pages inactive:                              1824275.
Pages wired down:                             364736.
Pages occupied by compressor:                 113537.
Swapins:                                     5785011.
Swapouts:                                    7432653.
2026-10-05T08:12:49Z
vm.loadavg: { 4.48 5.02 8.25 }
vm.swapusage: total = 10240.00M  used = 8933.62M  free = 1306.38M  (encrypted)
Pages free:                                    15823.
Pages active:                                1826683.
Pages inactive:                              1823502.
Pages wired down:                             365678.
Pages occupied by compressor:                 113535.
Swapins:                                     5785011.
Swapouts:                                    7432653.
2026-10-05T08:12:54Z
vm.loadavg: { 4.36 4.99 8.22 }
vm.swapusage: total = 10240.00M  used = 8933.62M  free = 1306.38M  (encrypted)
Pages free:                                    14702.
Pages active:                                1827027.
Pages inactive:                              1823973.
Pages wired down:                             365952.
Pages occupied by compressor:                 113535.
Swapins:                                     5785011.
Swapouts:                                    7432653.
2026-10-05T08:12:59Z
vm.loadavg: { 5.13 5.14 8.26 }
vm.swapusage: total = 10240.00M  used = 8933.62M  free = 1306.38M  (encrypted)
Pages free:                                     7978.
Pages active:                                1829572.
Pages inactive:                              1823335.
Pages wired down:                             373140.
Pages occupied by compressor:                 113530.
Swapins:                                     5785011.
Swapouts:                                    7432653.
2026-10-05T08:13:04Z
vm.loadavg: { 5.04 5.12 8.23 }
vm.swapusage: total = 10240.00M  used = 8933.62M  free = 1306.38M  (encrypted)
Pages free:                                    22473.
Pages active:                                1811698.
Pages inactive:                              1814740.
Pages wired down:                             380233.
Pages occupied by compressor:                 118380.
Swapins:                                     5785023.
Swapouts:                                    7432653.
2026-10-05T08:13:09Z
vm.loadavg: { 4.96 5.10 8.21 }
vm.swapusage: total = 10240.00M  used = 8933.62M  free = 1306.38M  (encrypted)
Pages free:                                    34095.
Pages active:                                1812172.
Pages inactive:                              1816400.
Pages wired down:                             366436.
Pages occupied by compressor:                 118375.
Swapins:                                     5785023.
Swapouts:                                    7432653.
2026-10-05T08:13:14Z
vm.loadavg: { 6.32 5.38 8.29 }
vm.swapusage: total = 10240.00M  used = 8933.62M  free = 1306.38M  (encrypted)
Pages free:                                    39153.
Pages active:                                1807795.
Pages inactive:                              1815782.
Pages wired down:                             366305.
Pages occupied by compressor:                 118365.
Swapins:                                     5785031.
Swapouts:                                    7432653.
2026-10-05T08:13:19Z
vm.loadavg: { 6.30 5.39 8.27 }
vm.swapusage: total = 10240.00M  used = 8933.62M  free = 1306.38M  (encrypted)
Pages free:                                    36841.
Pages active:                                1809413.
Pages inactive:                              1816561.
Pages wired down:                             366188.
Pages occupied by compressor:                 118360.
Swapins:                                     5785031.
Swapouts:                                    7432653.
2026-10-05T08:13:24Z
vm.loadavg: { 6.35 5.42 8.27 }
vm.swapusage: total = 10240.00M  used = 8933.62M  free = 1306.38M  (encrypted)
Pages free:                                    35765.
Pages active:                                1809273.
Pages inactive:                              1817265.
Pages wired down:                             366323.
Pages occupied by compressor:                 118358.
Swapins:                                     5785031.
Swapouts:                                    7432653.
2026-10-05T08:13:29Z
vm.loadavg: { 5.92 5.34 8.22 }
vm.swapusage: total = 10240.00M  used = 8933.62M  free = 1306.38M  (encrypted)
Pages free:                                    35460.
Pages active:                                1809357.
Pages inactive:                              1817288.
Pages wired down:                             366483.
Pages occupied by compressor:                 118356.
Swapins:                                     5785031.
Swapouts:                                    7432653.
2026-10-05T08:13:34Z
vm.loadavg: { 5.61 5.29 8.19 }
vm.swapusage: total = 10240.00M  used = 8933.62M  free = 1306.38M  (encrypted)
Pages free:                                    34702.
Pages active:                                1810088.
Pages inactive:                              1817357.
Pages wired down:                             366395.
Pages occupied by compressor:                 118355.
Swapins:                                     5785031.
Swapouts:                                    7432653.
2026-10-05T08:13:39Z
vm.loadavg: { 5.56 5.28 8.17 }
vm.swapusage: total = 10240.00M  used = 8933.62M  free = 1306.38M  (encrypted)
Pages free:                                    29537.
Pages active:                                1817415.
Pages inactive:                              1815885.
Pages wired down:                             365669.
Pages occupied by compressor:                 118352.
Swapins:                                     5785031.
Swapouts:                                    7432653.
2026-10-05T08:13:44Z
vm.loadavg: { 5.36 5.25 8.14 }
vm.swapusage: total = 10240.00M  used = 8933.62M  free = 1306.38M  (encrypted)
Pages free:                                    30653.
Pages active:                                1816102.
Pages inactive:                              1814495.
Pages wired down:                             367200.
Pages occupied by compressor:                 118353.
Swapins:                                     5785035.
Swapouts:                                    7432653.
2026-10-05T08:13:49Z
vm.loadavg: { 5.41 5.26 8.12 }
vm.swapusage: total = 10240.00M  used = 8933.62M  free = 1306.38M  (encrypted)
Pages free:                                    32394.
Pages active:                                1815933.
Pages inactive:                              1813756.
Pages wired down:                             366331.
Pages occupied by compressor:                 118356.
Swapins:                                     5785039.
Swapouts:                                    7432653.
2026-10-05T08:13:54Z
vm.loadavg: { 5.53 5.29 8.12 }
vm.swapusage: total = 10240.00M  used = 8933.62M  free = 1306.38M  (encrypted)
Pages free:                                    31159.
Pages active:                                1816779.
Pages inactive:                              1815051.
Pages wired down:                             365393.
Pages occupied by compressor:                 118353.
Swapins:                                     5785043.
Swapouts:                                    7432653.
2026-10-05T08:13:59Z
vm.loadavg: { 5.81 5.35 8.12 }
vm.swapusage: total = 10240.00M  used = 8933.62M  free = 1306.38M  (encrypted)
Pages free:                                    31030.
Pages active:                                1816082.
Pages inactive:                              1814754.
Pages wired down:                             366491.
Pages occupied by compressor:                 118356.
Swapins:                                     5785047.
Swapouts:                                    7432653.
2026-10-05T08:14:04Z
vm.loadavg: { 5.75 5.34 8.10 }
vm.swapusage: total = 10240.00M  used = 8933.62M  free = 1306.38M  (encrypted)
Pages free:                                    21426.
Pages active:                                1825692.
Pages inactive:                              1815611.
Pages wired down:                             366491.
Pages occupied by compressor:                 118350.
Swapins:                                     5785047.
Swapouts:                                    7432653.
2026-10-05T08:14:09Z
vm.loadavg: { 5.37 5.27 8.06 }
vm.swapusage: total = 10240.00M  used = 8933.62M  free = 1306.38M  (encrypted)
Pages free:                                    28834.
Pages active:                                1815411.
Pages inactive:                              1819251.
Pages wired down:                             365333.
Pages occupied by compressor:                 118349.
Swapins:                                     5785047.
Swapouts:                                    7432653.
2026-10-05T08:14:14Z
vm.loadavg: { 5.10 5.21 8.03 }
vm.swapusage: total = 10240.00M  used = 8933.62M  free = 1306.38M  (encrypted)
Pages free:                                    33306.
Pages active:                                1809994.
Pages inactive:                              1819025.
Pages wired down:                             366458.
Pages occupied by compressor:                 118340.
Swapins:                                     5785047.
Swapouts:                                    7432653.
2026-10-05T08:14:19Z
vm.loadavg: { 5.09 5.21 8.01 }
vm.swapusage: total = 10240.00M  used = 8933.62M  free = 1306.38M  (encrypted)
Pages free:                                    29428.
Pages active:                                1812474.
Pages inactive:                              1819452.
Pages wired down:                             366500.
Pages occupied by compressor:                 118343.
Swapins:                                     5785055.
Swapouts:                                    7432653.
2026-10-05T08:14:24Z
vm.loadavg: { 4.92 5.17 7.98 }
vm.swapusage: total = 10240.00M  used = 8933.62M  free = 1306.38M  (encrypted)
Pages free:                                    23157.
Pages active:                                1814866.
Pages inactive:                              1823650.
Pages wired down:                             365692.
Pages occupied by compressor:                 118343.
Swapins:                                     5785055.
Swapouts:                                    7432653.
2026-10-05T08:14:29Z
vm.loadavg: { 5.17 5.22 7.98 }
vm.swapusage: total = 10240.00M  used = 8933.62M  free = 1306.38M  (encrypted)
Pages free:                                    22131.
Pages active:                                1814601.
Pages inactive:                              1824076.
Pages wired down:                             366471.
Pages occupied by compressor:                 118350.
Swapins:                                     5785078.
Swapouts:                                    7432653.
2026-10-05T08:14:34Z
vm.loadavg: { 4.99 5.18 7.95 }
vm.swapusage: total = 10240.00M  used = 8933.62M  free = 1306.38M  (encrypted)
Pages free:                                    21354.
Pages active:                                1815169.
Pages inactive:                              1824277.
Pages wired down:                             366447.
Pages occupied by compressor:                 118348.
Swapins:                                     5785078.
Swapouts:                                    7432653.
2026-10-05T08:14:39Z
vm.loadavg: { 5.15 5.21 7.94 }
vm.swapusage: total = 10240.00M  used = 8933.62M  free = 1306.38M  (encrypted)
Pages free:                                    10497.
Pages active:                                1837446.
Pages inactive:                              1812938.
Pages wired down:                             366336.
Pages occupied by compressor:                 118346.
Swapins:                                     5785078.
Swapouts:                                    7432653.
2026-10-05T08:14:44Z
vm.loadavg: { 5.30 5.24 7.94 }
vm.swapusage: total = 10240.00M  used = 8933.62M  free = 1306.38M  (encrypted)
Pages free:                                    14561.
Pages active:                                1823160.
Pages inactive:                              1823027.
Pages wired down:                             366347.
Pages occupied by compressor:                 118343.
Swapins:                                     5785078.
Swapouts:                                    7432653.
2026-10-05T08:14:49Z
vm.loadavg: { 5.60 5.30 7.94 }
vm.swapusage: total = 10240.00M  used = 8933.62M  free = 1306.38M  (encrypted)
Pages free:                                    13228.
Pages active:                                1824561.
Pages inactive:                              1822915.
Pages wired down:                             366348.
Pages occupied by compressor:                 118345.
Swapins:                                     5785082.
Swapouts:                                    7432653.
2026-10-05T08:14:54Z
vm.loadavg: { 6.03 5.40 7.96 }
vm.swapusage: total = 10240.00M  used = 8933.62M  free = 1306.38M  (encrypted)
Pages free:                                    14177.
Pages active:                                1823515.
Pages inactive:                              1822674.
Pages wired down:                             366294.
Pages occupied by compressor:                 118262.
Swapins:                                     5785082.
Swapouts:                                    7432653.
2026-10-05T08:14:59Z
vm.loadavg: { 5.79 5.36 7.93 }
vm.swapusage: total = 10240.00M  used = 8933.62M  free = 1306.38M  (encrypted)
Pages free:                                    15160.
Pages active:                                1822599.
Pages inactive:                              1822528.
Pages wired down:                             366348.
Pages occupied by compressor:                 118261.
Swapins:                                     5785082.
Swapouts:                                    7432653.
2026-10-05T08:15:04Z
vm.loadavg: { 5.56 5.32 7.90 }
vm.swapusage: total = 10240.00M  used = 8933.62M  free = 1306.38M  (encrypted)
Pages free:                                    21160.
Pages active:                                1821275.
Pages inactive:                              1819967.
Pages wired down:                             366105.
Pages occupied by compressor:                 118955.
Swapins:                                     5785106.
Swapouts:                                    7432653.
2026-10-05T08:15:09Z
vm.loadavg: { 5.84 5.38 7.91 }
vm.swapusage: total = 10240.00M  used = 8933.62M  free = 1306.38M  (encrypted)
Pages free:                                    26581.
Pages active:                                1817847.
Pages inactive:                              1817502.
Pages wired down:                             366481.
Pages occupied by compressor:                 118953.
Swapins:                                     5785106.
Swapouts:                                    7432653.
2026-10-05T08:15:15Z
vm.loadavg: { 6.17 5.46 7.92 }
vm.swapusage: total = 10240.00M  used = 8933.62M  free = 1306.38M  (encrypted)
Pages free:                                     7568.
Pages active:                                1820893.
Pages inactive:                              1833341.
Pages wired down:                             366581.
Pages occupied by compressor:                 118934.
Swapins:                                     5785106.
Swapouts:                                    7432653.
2026-10-05T08:15:20Z
vm.loadavg: { 6.48 5.53 7.93 }
vm.swapusage: total = 10240.00M  used = 8933.62M  free = 1306.38M  (encrypted)
Pages free:                                     5943.
Pages active:                                1824978.
Pages inactive:                              1823351.
Pages wired down:                             365911.
Pages occupied by compressor:                 127368.
Swapins:                                     5785106.
Swapouts:                                    7432653.
2026-10-05T08:15:25Z
vm.loadavg: { 6.12 5.47 7.90 }
vm.swapusage: total = 10240.00M  used = 8933.62M  free = 1306.38M  (encrypted)
Pages free:                                     6044.
Pages active:                                1816824.
Pages inactive:                              1821010.
Pages wired down:                             366356.
Pages occupied by compressor:                 137353.
Swapins:                                     5785106.
Swapouts:                                    7432653.
2026-10-05T08:15:30Z
vm.loadavg: { 5.71 5.40 7.86 }
vm.swapusage: total = 10240.00M  used = 8925.62M  free = 1314.38M  (encrypted)
Pages free:                                    13578.
Pages active:                                1815380.
Pages inactive:                              1813438.
Pages wired down:                             366702.
Pages occupied by compressor:                 137614.
Swapins:                                     5785182.
Swapouts:                                    7432653.
2026-10-05T08:15:35Z
vm.loadavg: { 5.41 5.34 7.82 }
vm.swapusage: total = 10240.00M  used = 8925.62M  free = 1314.38M  (encrypted)
Pages free:                                    12440.
Pages active:                                1816271.
Pages inactive:                              1814264.
Pages wired down:                             366094.
Pages occupied by compressor:                 137613.
Swapins:                                     5785182.
Swapouts:                                    7432653.
2026-10-05T08:15:40Z
vm.loadavg: { 5.38 5.34 7.81 }
vm.swapusage: total = 10240.00M  used = 8925.62M  free = 1314.38M  (encrypted)
Pages free:                                    11619.
Pages active:                                1816105.
Pages inactive:                              1814563.
Pages wired down:                             366740.
Pages occupied by compressor:                 137612.
Swapins:                                     5785182.
Swapouts:                                    7432653.
2026-10-05T08:15:45Z
vm.loadavg: { 5.03 5.26 7.77 }
vm.swapusage: total = 10240.00M  used = 8925.62M  free = 1314.38M  (encrypted)
Pages free:                                     6574.
Pages active:                                1818729.
Pages inactive:                              1817894.
Pages wired down:                             366547.
Pages occupied by compressor:                 137619.
Swapins:                                     5785190.
Swapouts:                                    7432653.
2026-10-05T08:15:50Z
vm.loadavg: { 4.86 5.23 7.74 }
vm.swapusage: total = 10240.00M  used = 8925.62M  free = 1314.38M  (encrypted)
Pages free:                                    48056.
Pages active:                                1798067.
Pages inactive:                              1797356.
Pages wired down:                             366439.
Pages occupied by compressor:                 137606.
Swapins:                                     5785190.
Swapouts:                                    7432653.
2026-10-05T08:15:55Z
vm.loadavg: { 4.56 5.16 7.70 }
vm.swapusage: total = 10240.00M  used = 8925.62M  free = 1314.38M  (encrypted)
Pages free:                                    33035.
Pages active:                                1805742.
Pages inactive:                              1804195.
Pages wired down:                             366488.
Pages occupied by compressor:                 137594.
Swapins:                                     5785190.
Swapouts:                                    7432653.
2026-10-05T08:16:00Z
vm.loadavg: { 4.59 5.15 7.68 }
vm.swapusage: total = 10240.00M  used = 8925.62M  free = 1314.38M  (encrypted)
Pages free:                                    20414.
Pages active:                                1804597.
Pages inactive:                              1802221.
Pages wired down:                             381668.
Pages occupied by compressor:                 137592.
Swapins:                                     5785190.
Swapouts:                                    7432653.
2026-10-05T08:16:05Z
vm.loadavg: { 4.54 5.13 7.66 }
vm.swapusage: total = 10240.00M  used = 8925.62M  free = 1314.38M  (encrypted)
Pages free:                                    61128.
Pages active:                                1791710.
Pages inactive:                              1790557.
Pages wired down:                             366044.
Pages occupied by compressor:                 137588.
Swapins:                                     5785190.
Swapouts:                                    7432653.
2026-10-05T08:16:10Z
vm.loadavg: { 4.26 5.06 7.62 }
vm.swapusage: total = 10240.00M  used = 8925.62M  free = 1314.38M  (encrypted)
Pages free:                                    69887.
Pages active:                                1784096.
Pages inactive:                              1789322.
Pages wired down:                             366079.
Pages occupied by compressor:                 137580.
Swapins:                                     5785190.
Swapouts:                                    7432653.
2026-10-05T08:16:15Z
vm.loadavg: { 4.32 5.06 7.60 }
vm.swapusage: total = 10240.00M  used = 8925.62M  free = 1314.38M  (encrypted)
Pages free:                                    73570.
Pages active:                                1781871.
Pages inactive:                              1788811.
Pages wired down:                             365084.
Pages occupied by compressor:                 137562.
Swapins:                                     5785190.
Swapouts:                                    7432653.
2026-10-05T08:16:20Z
vm.loadavg: { 4.13 5.01 7.57 }
vm.swapusage: total = 10240.00M  used = 8925.62M  free = 1314.38M  (encrypted)
Pages free:                                    72436.
Pages active:                                1784819.
Pages inactive:                              1785978.
Pages wired down:                             366080.
Pages occupied by compressor:                 137549.
Swapins:                                     5785190.
Swapouts:                                    7432653.
2026-10-05T08:16:25Z
vm.loadavg: { 3.96 4.96 7.54 }
vm.swapusage: total = 10240.00M  used = 8925.62M  free = 1314.38M  (encrypted)
Pages free:                                    70703.
Pages active:                                1780001.
Pages inactive:                              1777277.
Pages wired down:                             381310.
Pages occupied by compressor:                 137537.
Swapins:                                     5785194.
Swapouts:                                    7432653.
2026-10-05T08:16:30Z
vm.loadavg: { 3.72 4.90 7.50 }
vm.swapusage: total = 10240.00M  used = 8925.62M  free = 1314.38M  (encrypted)
Pages free:                                    70286.
Pages active:                                1784344.
Pages inactive:                              1782826.
Pages wired down:                             371999.
Pages occupied by compressor:                 137247.
Swapins:                                     5785194.
Swapouts:                                    7432653.
2026-10-05T08:16:35Z
vm.loadavg: { 3.43 4.81 7.46 }
vm.swapusage: total = 10240.00M  used = 8925.62M  free = 1314.38M  (encrypted)
Pages free:                                    67995.
Pages active:                                1788574.
Pages inactive:                              1786121.
Pages wired down:                             366182.
Pages occupied by compressor:                 136998.
Swapins:                                     5785194.
Swapouts:                                    7432653.
2026-10-05T08:16:40Z
vm.loadavg: { 3.55 4.82 7.44 }
vm.swapusage: total = 10240.00M  used = 8925.62M  free = 1314.38M  (encrypted)
Pages free:                                    67465.
Pages active:                                1788752.
Pages inactive:                              1786435.
Pages wired down:                             366189.
Pages occupied by compressor:                 136996.
Swapins:                                     5785194.
Swapouts:                                    7432653.
2026-10-05T08:16:45Z
vm.loadavg: { 3.35 4.75 7.40 }
vm.swapusage: total = 10240.00M  used = 8925.62M  free = 1314.38M  (encrypted)
Pages free:                                    67436.
Pages active:                                1789891.
Pages inactive:                              1785967.
Pages wired down:                             365513.
Pages occupied by compressor:                 136996.
Swapins:                                     5785194.
Swapouts:                                    7432653.
2026-10-05T08:16:50Z
vm.loadavg: { 3.48 4.76 7.39 }
vm.swapusage: total = 10240.00M  used = 8925.62M  free = 1314.38M  (encrypted)
Pages free:                                    58109.
Pages active:                                1790542.
Pages inactive:                              1786929.
Pages wired down:                             373175.
Pages occupied by compressor:                 136998.
Swapins:                                     5785198.
Swapouts:                                    7432653.
2026-10-05T08:16:55Z
vm.loadavg: { 4.48 4.94 7.44 }
vm.swapusage: total = 10240.00M  used = 8925.62M  free = 1314.38M  (encrypted)
Pages free:                                    58649.
Pages active:                                1793244.
Pages inactive:                              1790760.
Pages wired down:                             366072.
Pages occupied by compressor:                 136998.
Swapins:                                     5785198.
Swapouts:                                    7432653.
2026-10-05T08:17:00Z
vm.loadavg: { 4.44 4.93 7.42 }
vm.swapusage: total = 10240.00M  used = 8925.62M  free = 1314.38M  (encrypted)
Pages free:                                    26165.
Pages active:                                1783207.
Pages inactive:                              1780835.
Pages wired down:                             418510.
Pages occupied by compressor:                 137003.
Swapins:                                     5785206.
Swapouts:                                    7432653.
2026-10-05T08:17:05Z
vm.loadavg: { 4.17 4.86 7.38 }
vm.swapusage: total = 10240.00M  used = 8925.62M  free = 1314.38M  (encrypted)
Pages free:                                    48410.
Pages active:                                1795806.
Pages inactive:                              1798222.
Pages wired down:                             366270.
Pages occupied by compressor:                 137001.
Swapins:                                     5785206.
Swapouts:                                    7432653.
2026-10-05T08:17:10Z
vm.loadavg: { 4.15 4.85 7.36 }
vm.swapusage: total = 10240.00M  used = 8925.62M  free = 1314.38M  (encrypted)
Pages free:                                    56899.
Pages active:                                1790250.
Pages inactive:                              1794329.
Pages wired down:                             367227.
Pages occupied by compressor:                 136993.
Swapins:                                     5785206.
Swapouts:                                    7432653.
2026-10-05T08:17:15Z
vm.loadavg: { 3.82 4.77 7.32 }
vm.swapusage: total = 10240.00M  used = 8925.62M  free = 1314.38M  (encrypted)
Pages free:                                    61193.
Pages active:                                1787716.
Pages inactive:                              1793465.
Pages wired down:                             366327.
Pages occupied by compressor:                 136993.
Swapins:                                     5785206.
Swapouts:                                    7432653.
2026-10-05T08:17:20Z
vm.loadavg: { 4.15 4.82 7.32 }
vm.swapusage: total = 10240.00M  used = 8925.62M  free = 1314.38M  (encrypted)
Pages free:                                    60892.
Pages active:                                1788257.
Pages inactive:                              1793503.
Pages wired down:                             366052.
Pages occupied by compressor:                 136990.
Swapins:                                     5785206.
Swapouts:                                    7432653.
2026-10-05T08:17:25Z
vm.loadavg: { 4.30 4.84 7.31 }
vm.swapusage: total = 10240.00M  used = 8925.62M  free = 1314.38M  (encrypted)
Pages free:                                    44642.
Pages active:                                1807997.
Pages inactive:                              1781410.
Pages wired down:                             372640.
Pages occupied by compressor:                 136990.
Swapins:                                     5785206.
Swapouts:                                    7432653.
2026-10-05T08:17:31Z
vm.loadavg: { 4.44 4.86 7.31 }
vm.swapusage: total = 10240.00M  used = 8925.62M  free = 1314.38M  (encrypted)
Pages free:                                    46989.
Pages active:                                1804204.
Pages inactive:                              1789322.
Pages wired down:                             366161.
Pages occupied by compressor:                 136988.
Swapins:                                     5785206.
Swapouts:                                    7432653.
2026-10-05T08:17:36Z
vm.loadavg: { 4.40 4.84 7.29 }
vm.swapusage: total = 10240.00M  used = 8925.62M  free = 1314.38M  (encrypted)
Pages free:                                    48538.
Pages active:                                1798088.
Pages inactive:                              1793801.
Pages wired down:                             366248.
Pages occupied by compressor:                 136988.
Swapins:                                     5785206.
Swapouts:                                    7432653.
2026-10-05T08:17:41Z
vm.loadavg: { 4.61 4.88 7.28 }
vm.swapusage: total = 10240.00M  used = 8925.62M  free = 1314.38M  (encrypted)
Pages free:                                    51210.
Pages active:                                1797266.
Pages inactive:                              1792941.
Pages wired down:                             365258.
Pages occupied by compressor:                 136986.
Swapins:                                     5785206.
Swapouts:                                    7432653.
2026-10-05T08:17:46Z
vm.loadavg: { 4.56 4.87 7.26 }
vm.swapusage: total = 10240.00M  used = 8925.62M  free = 1314.38M  (encrypted)
Pages free:                                    50825.
Pages active:                                1798206.
Pages inactive:                              1793022.
Pages wired down:                             364615.
Pages occupied by compressor:                 136986.
Swapins:                                     5785206.
Swapouts:                                    7432653.
2026-10-05T08:17:51Z
vm.loadavg: { 4.52 4.85 7.25 }
vm.swapusage: total = 10240.00M  used = 8925.62M  free = 1314.38M  (encrypted)
Pages free:                                    46519.
Pages active:                                1800408.
Pages inactive:                              1793496.
Pages wired down:                             366250.
Pages occupied by compressor:                 136979.
Swapins:                                     5785206.
Swapouts:                                    7432653.
2026-10-05T08:17:56Z
vm.loadavg: { 4.47 4.84 7.23 }
vm.swapusage: total = 10240.00M  used = 8925.62M  free = 1314.38M  (encrypted)
Pages free:                                    48239.
Pages active:                                1798444.
Pages inactive:                              1793940.
Pages wired down:                             366048.
Pages occupied by compressor:                 136971.
Swapins:                                     5785206.
Swapouts:                                    7432653.
2026-10-05T08:18:01Z
vm.loadavg: { 4.60 4.86 7.22 }
vm.swapusage: total = 10240.00M  used = 8925.62M  free = 1314.38M  (encrypted)
Pages free:                                    16813.
Pages active:                                1785344.
Pages inactive:                              1780974.
Pages wired down:                             423539.
Pages occupied by compressor:                 136962.
Swapins:                                     5785213.
Swapouts:                                    7432653.
2026-10-05T08:18:06Z
vm.loadavg: { 4.31 4.79 7.18 }
vm.swapusage: total = 10240.00M  used = 8925.62M  free = 1314.38M  (encrypted)
Pages free:                                    37484.
Pages active:                                1803385.
Pages inactive:                              1800014.
Pages wired down:                             365783.
Pages occupied by compressor:                 136961.
Swapins:                                     5785213.
Swapouts:                                    7432653.
2026-10-05T08:18:11Z
vm.loadavg: { 4.52 4.83 7.18 }
vm.swapusage: total = 10240.00M  used = 8925.62M  free = 1314.38M  (encrypted)
Pages free:                                    42975.
Pages active:                                1800204.
Pages inactive:                              1797133.
Pages wired down:                             366347.
Pages occupied by compressor:                 136957.
Swapins:                                     5785213.
Swapouts:                                    7432653.
2026-10-05T08:18:16Z
vm.loadavg: { 4.80 4.88 7.19 }
vm.swapusage: total = 10240.00M  used = 8925.62M  free = 1314.38M  (encrypted)
Pages free:                                    45669.
Pages active:                                1799477.
Pages inactive:                              1795420.
Pages wired down:                             366087.
Pages occupied by compressor:                 136956.
Swapins:                                     5785213.
Swapouts:                                    7432653.
2026-10-05T08:18:21Z
vm.loadavg: { 4.58 4.83 7.15 }
vm.swapusage: total = 10240.00M  used = 8925.62M  free = 1314.38M  (encrypted)
Pages free:                                    44868.
Pages active:                                1800408.
Pages inactive:                              1795711.
Pages wired down:                             365656.
Pages occupied by compressor:                 136960.
Swapins:                                     5785217.
Swapouts:                                    7432653.
2026-10-05T08:18:26Z
vm.loadavg: { 4.69 4.85 7.15 }
vm.swapusage: total = 10240.00M  used = 8925.62M  free = 1314.38M  (encrypted)
Pages free:                                    44505.
Pages active:                                1800145.
Pages inactive:                              1795645.
Pages wired down:                             366341.
Pages occupied by compressor:                 136960.
Swapins:                                     5785217.
Swapouts:                                    7432653.
2026-10-05T08:18:31Z
vm.loadavg: { 4.64 4.84 7.13 }
vm.swapusage: total = 10240.00M  used = 8925.62M  free = 1314.38M  (encrypted)
Pages free:                                    34578.
Pages active:                                1780890.
Pages inactive:                              1780317.
Pages wired down:                             410846.
Pages occupied by compressor:                 136961.
Swapins:                                     5785228.
Swapouts:                                    7432653.
2026-10-05T08:18:36Z
vm.loadavg: { 4.42 4.79 7.10 }
vm.swapusage: total = 10240.00M  used = 8925.62M  free = 1314.38M  (encrypted)
Pages free:                                    38511.
Pages active:                                1806866.
Pages inactive:                              1796233.
Pages wired down:                             365021.
Pages occupied by compressor:                 136960.
Swapins:                                     5785228.
Swapouts:                                    7432653.
2026-10-05T08:18:41Z
vm.loadavg: { 4.39 4.78 7.08 }
vm.swapusage: total = 10240.00M  used = 8925.62M  free = 1314.38M  (encrypted)
Pages free:                                    40404.
Pages active:                                1802082.
Pages inactive:                              1797773.
Pages wired down:                             366338.
Pages occupied by compressor:                 136978.
Swapins:                                     5785252.
Swapouts:                                    7432653.
2026-10-05T08:18:46Z
vm.loadavg: { 4.36 4.76 7.06 }
vm.swapusage: total = 10240.00M  used = 8925.62M  free = 1314.38M  (encrypted)
Pages free:                                    41624.
Pages active:                                1801839.
Pages inactive:                              1796716.
Pages wired down:                             366417.
Pages occupied by compressor:                 136975.
Swapins:                                     5785252.
Swapouts:                                    7432653.
2026-10-05T08:18:51Z
vm.loadavg: { 4.33 4.75 7.04 }
vm.swapusage: total = 10240.00M  used = 8925.62M  free = 1314.38M  (encrypted)
Pages free:                                    41426.
Pages active:                                1802334.
Pages inactive:                              1796854.
Pages wired down:                             365903.
Pages occupied by compressor:                 136973.
Swapins:                                     5785252.
Swapouts:                                    7432653.
2026-10-05T08:18:56Z
vm.loadavg: { 4.38 4.75 7.03 }
vm.swapusage: total = 10240.00M  used = 8925.62M  free = 1314.38M  (encrypted)
Pages free:                                    26549.
Pages active:                                1778102.
Pages inactive:                              1790366.
Pages wired down:                             411291.
Pages occupied by compressor:                 137084.
Swapins:                                     5785419.
Swapouts:                                    7432653.
2026-10-05T08:19:01Z
vm.loadavg: { 4.67 4.81 7.04 }
vm.swapusage: total = 10240.00M  used = 8925.62M  free = 1314.38M  (encrypted)
Pages free:                                     6948.
Pages active:                                1789732.
Pages inactive:                              1786923.
Pages wired down:                             425012.
Pages occupied by compressor:                 137069.
Swapins:                                     5785435.
Swapouts:                                    7432653.
2026-10-05T08:19:06Z
vm.loadavg: { 4.62 4.79 7.02 }
vm.swapusage: total = 10240.00M  used = 8925.62M  free = 1314.38M  (encrypted)
Pages free:                                    34843.
Pages active:                                1804255.
Pages inactive:                              1803728.
Pages wired down:                             365735.
Pages occupied by compressor:                 137060.
Swapins:                                     5785435.
Swapouts:                                    7432653.
2026-10-05T08:19:11Z
vm.loadavg: { 4.73 4.81 7.01 }
vm.swapusage: total = 10240.00M  used = 8925.62M  free = 1314.38M  (encrypted)
Pages free:                                    44665.
Pages active:                                1794429.
Pages inactive:                              1802854.
Pages wired down:                             366386.
Pages occupied by compressor:                 137117.
Swapins:                                     5785530.
Swapouts:                                    7432653.
2026-10-05T08:19:16Z
vm.loadavg: { 4.67 4.80 6.99 }
vm.swapusage: total = 10240.00M  used = 8925.62M  free = 1314.38M  (encrypted)
Pages free:                                    43947.
Pages active:                                1794878.
Pages inactive:                              1802848.
Pages wired down:                             366599.
Pages occupied by compressor:                 137119.
Swapins:                                     5785538.
Swapouts:                                    7432653.
2026-10-05T08:19:21Z
vm.loadavg: { 4.78 4.82 6.99 }
vm.swapusage: total = 10240.00M  used = 8925.62M  free = 1314.38M  (encrypted)
Pages free:                                    41186.
Pages active:                                1797016.
Pages inactive:                              1802793.
Pages wired down:                             366372.
Pages occupied by compressor:                 137126.
Swapins:                                     5785546.
Swapouts:                                    7432653.
2026-10-05T08:19:26Z
vm.loadavg: { 4.79 4.82 6.98 }
vm.swapusage: total = 10240.00M  used = 8925.62M  free = 1314.38M  (encrypted)
Pages free:                                    35296.
Pages active:                                1797496.
Pages inactive:                              1808176.
Pages wired down:                             366339.
Pages occupied by compressor:                 137086.
Swapins:                                     5785565.
Swapouts:                                    7432653.
2026-10-05T08:19:31Z
vm.loadavg: { 4.89 4.84 6.97 }
vm.swapusage: total = 10240.00M  used = 8925.62M  free = 1314.38M  (encrypted)
Pages free:                                    34540.
Pages active:                                1797906.
Pages inactive:                              1808481.
Pages wired down:                             366351.
Pages occupied by compressor:                 137083.
Swapins:                                     5785565.
Swapouts:                                    7432653.
2026-10-05T08:19:36Z
vm.loadavg: { 5.06 4.88 6.97 }
vm.swapusage: total = 10240.00M  used = 8925.62M  free = 1314.38M  (encrypted)
Pages free:                                    25363.
Pages active:                                1817803.
Pages inactive:                              1797671.
Pages wired down:                             366424.
Pages occupied by compressor:                 137073.
Swapins:                                     5785565.
Swapouts:                                    7432653.
2026-10-05T08:19:41Z
vm.loadavg: { 4.89 4.85 6.95 }
vm.swapusage: total = 10240.00M  used = 8925.62M  free = 1314.38M  (encrypted)
Pages free:                                    30601.
Pages active:                                1806929.
Pages inactive:                              1803504.
Pages wired down:                             366184.
Pages occupied by compressor:                 137073.
Swapins:                                     5785565.
Swapouts:                                    7432653.
2026-10-05T08:19:46Z
vm.loadavg: { 5.06 4.88 6.95 }
vm.swapusage: total = 10240.00M  used = 8925.62M  free = 1314.38M  (encrypted)
Pages free:                                    33997.
Pages active:                                1804381.
Pages inactive:                              1802780.
Pages wired down:                             366009.
Pages occupied by compressor:                 137073.
Swapins:                                     5785565.
Swapouts:                                    7432653.
2026-10-05T08:19:51Z
vm.loadavg: { 4.98 4.87 6.93 }
vm.swapusage: total = 10240.00M  used = 8925.62M  free = 1314.38M  (encrypted)
Pages free:                                    25313.
Pages active:                                1799587.
Pages inactive:                              1799411.
Pages wired down:                             382832.
Pages occupied by compressor:                 137065.
Swapins:                                     5785565.
Swapouts:                                    7432653.
2026-10-05T08:19:56Z
vm.loadavg: { 4.90 4.85 6.91 }
vm.swapusage: total = 10240.00M  used = 8925.62M  free = 1314.38M  (encrypted)
Pages free:                                    24220.
Pages active:                                1809538.
Pages inactive:                              1806770.
Pages wired down:                             366503.
Pages occupied by compressor:                 137065.
Swapins:                                     5785565.
Swapouts:                                    7432653.
2026-10-05T08:20:02Z
vm.loadavg: { 4.75 4.82 6.89 }
vm.swapusage: total = 10240.00M  used = 8925.62M  free = 1314.38M  (encrypted)
Pages free:                                     6832.
Pages active:                                1800638.
Pages inactive:                              1799739.
Pages wired down:                             403197.
Pages occupied by compressor:                 137056.
Swapins:                                     5785569.
Swapouts:                                    7432653.
2026-10-05T08:20:07Z
vm.loadavg: { 4.77 4.82 6.88 }
vm.swapusage: total = 10240.00M  used = 8925.62M  free = 1314.38M  (encrypted)
Pages free:                                    30908.
Pages active:                                1806081.
Pages inactive:                              1806647.
Pages wired down:                             366728.
Pages occupied by compressor:                 137045.
Swapins:                                     5785576.
Swapouts:                                    7432653.
2026-10-05T08:20:12Z
vm.loadavg: { 4.62 4.79 6.86 }
vm.swapusage: total = 10240.00M  used = 8925.62M  free = 1314.38M  (encrypted)
Pages free:                                    40000.
Pages active:                                1798447.
Pages inactive:                              1805419.
Pages wired down:                             366451.
Pages occupied by compressor:                 137045.
Swapins:                                     5785576.
Swapouts:                                    7432653.
2026-10-05T08:20:17Z
vm.loadavg: { 4.73 4.81 6.85 }
vm.swapusage: total = 10240.00M  used = 8925.62M  free = 1314.38M  (encrypted)
Pages free:                                    38768.
Pages active:                                1805934.
Pages inactive:                              1799612.
Pages wired down:                             365967.
Pages occupied by compressor:                 137044.
Swapins:                                     5785576.
Swapouts:                                    7432653.
2026-10-05T08:20:22Z
vm.loadavg: { 5.08 4.88 6.86 }
vm.swapusage: total = 10240.00M  used = 8925.62M  free = 1314.38M  (encrypted)
Pages free:                                    33547.
Pages active:                                1808103.
Pages inactive:                              1805694.
Pages wired down:                             366552.
Pages occupied by compressor:                 132199.
Swapins:                                     5785576.
Swapouts:                                    7432653.
2026-10-05T08:20:27Z
vm.loadavg: { 4.91 4.85 6.84 }
vm.swapusage: total = 10240.00M  used = 8925.62M  free = 1314.38M  (encrypted)
Pages free:                                    37322.
Pages active:                                1802868.
Pages inactive:                              1800409.
Pages wired down:                             373275.
Pages occupied by compressor:                 132177.
Swapins:                                     5785580.
Swapouts:                                    7432653.
2026-10-05T08:20:32Z
vm.loadavg: { 4.52 4.77 6.80 }
vm.swapusage: total = 10240.00M  used = 8925.62M  free = 1314.38M  (encrypted)
Pages free:                                    37077.
Pages active:                                1807078.
Pages inactive:                              1803225.
Pages wired down:                             366440.
Pages occupied by compressor:                 132177.
Swapins:                                     5785580.
Swapouts:                                    7432653.
2026-10-05T08:20:37Z
vm.loadavg: { 4.71 4.81 6.80 }
vm.swapusage: total = 10240.00M  used = 8925.62M  free = 1314.38M  (encrypted)
Pages free:                                    36701.
Pages active:                                1806582.
Pages inactive:                              1804040.
Pages wired down:                             366449.
Pages occupied by compressor:                 132177.
Swapins:                                     5785580.
Swapouts:                                    7432653.
2026-10-05T08:20:42Z
vm.loadavg: { 4.50 4.76 6.77 }
vm.swapusage: total = 10240.00M  used = 8925.62M  free = 1314.38M  (encrypted)
Pages free:                                    30148.
Pages active:                                1809810.
Pages inactive:                              1808246.
Pages wired down:                             365530.
Pages occupied by compressor:                 132178.
Swapins:                                     5785584.
Swapouts:                                    7432653.
2026-10-05T08:20:47Z
vm.loadavg: { 4.14 4.68 6.73 }
vm.swapusage: total = 10240.00M  used = 8925.62M  free = 1314.38M  (encrypted)
Pages free:                                    29446.
Pages active:                                1810865.
Pages inactive:                              1806926.
Pages wired down:                             366073.
Pages occupied by compressor:                 132178.
Swapins:                                     5785584.
Swapouts:                                    7432653.
2026-10-05T08:20:52Z
vm.loadavg: { 4.12 4.67 6.72 }
vm.swapusage: total = 10240.00M  used = 8925.62M  free = 1314.38M  (encrypted)
Pages free:                                    27439.
Pages active:                                1810285.
Pages inactive:                              1808573.
Pages wired down:                             366981.
Pages occupied by compressor:                 132182.
Swapins:                                     5785590.
Swapouts:                                    7432653.
2026-10-05T08:20:57Z
vm.loadavg: { 3.95 4.63 6.69 }
vm.swapusage: total = 10240.00M  used = 8925.62M  free = 1314.38M  (encrypted)
Pages free:                                    33073.
Pages active:                                1808276.
Pages inactive:                              1805900.
Pages wired down:                             365997.
Pages occupied by compressor:                 132181.
Swapins:                                     5785590.
Swapouts:                                    7432653.
2026-10-05T08:21:02Z
vm.loadavg: { 3.72 4.56 6.65 }
vm.swapusage: total = 10240.00M  used = 8925.62M  free = 1314.38M  (encrypted)
Pages free:                                    14046.
Pages active:                                1805910.
Pages inactive:                              1807198.
Pages wired down:                             387845.
Pages occupied by compressor:                 132540.
Swapins:                                     5785665.
Swapouts:                                    7432653.
2026-10-05T08:21:07Z
vm.loadavg: { 3.50 4.51 6.62 }
vm.swapusage: total = 10240.00M  used = 8925.62M  free = 1314.38M  (encrypted)
Pages free:                                    31123.
Pages active:                                1807094.
Pages inactive:                              1810411.
Pages wired down:                             366337.
Pages occupied by compressor:                 132543.
Swapins:                                     5785673.
Swapouts:                                    7432653.
2026-10-05T08:21:12Z
vm.loadavg: { 3.30 4.45 6.59 }
vm.swapusage: total = 10240.00M  used = 8925.62M  free = 1314.38M  (encrypted)
Pages free:                                    37942.
Pages active:                                1801930.
Pages inactive:                              1809764.
Pages wired down:                             365210.
Pages occupied by compressor:                 132543.
Swapins:                                     5785673.
Swapouts:                                    7432653.
2026-10-05T08:21:17Z
vm.loadavg: { 3.04 4.37 6.55 }
vm.swapusage: total = 10240.00M  used = 8925.62M  free = 1314.38M  (encrypted)
Pages free:                                    33089.
Pages active:                                1806870.
Pages inactive:                              1808513.
Pages wired down:                             366335.
Pages occupied by compressor:                 132538.
Swapins:                                     5785673.
Swapouts:                                    7432653.
2026-10-05T08:21:22Z
vm.loadavg: { 3.11 4.37 6.53 }
vm.swapusage: total = 10240.00M  used = 8925.62M  free = 1314.38M  (encrypted)
Pages free:                                    31552.
Pages active:                                1807389.
Pages inactive:                              1809723.
Pages wired down:                             366099.
Pages occupied by compressor:                 132545.
Swapins:                                     5785681.
Swapouts:                                    7432653.
2026-10-05T08:21:27Z
vm.loadavg: { 2.94 4.31 6.50 }
vm.swapusage: total = 10240.00M  used = 8925.62M  free = 1314.38M  (encrypted)
Pages free:                                    32005.
Pages active:                                1807874.
Pages inactive:                              1808761.
Pages wired down:                             365855.
Pages occupied by compressor:                 132514.
Swapins:                                     5785685.
Swapouts:                                    7432653.
2026-10-05T08:21:32Z
vm.loadavg: { 2.95 4.29 6.48 }
vm.swapusage: total = 10240.00M  used = 8925.62M  free = 1314.38M  (encrypted)
Pages free:                                    33478.
Pages active:                                1805824.
Pages inactive:                              1809080.
Pages wired down:                             366077.
Pages occupied by compressor:                 132514.
Swapins:                                     5785685.
Swapouts:                                    7432653.
2026-10-05T08:21:37Z
vm.loadavg: { 2.79 4.23 6.45 }
vm.swapusage: total = 10240.00M  used = 8925.62M  free = 1314.38M  (encrypted)
Pages free:                                    32324.
Pages active:                                1806471.
Pages inactive:                              1809446.
Pages wired down:                             366185.
Pages occupied by compressor:                 132518.
Swapins:                                     5785689.
Swapouts:                                    7432653.
2026-10-05T08:21:42Z
vm.loadavg: { 2.89 4.23 6.43 }
vm.swapusage: total = 10240.00M  used = 8925.62M  free = 1314.38M  (encrypted)
Pages free:                                    21597.
Pages active:                                1789325.
Pages inactive:                              1792362.
Pages wired down:                             411114.
Pages occupied by compressor:                 132518.
Swapins:                                     5785689.
Swapouts:                                    7432653.
2026-10-05T08:21:47Z
vm.loadavg: { 2.98 4.23 6.42 }
vm.swapusage: total = 10240.00M  used = 8925.62M  free = 1314.38M  (encrypted)
Pages free:                                    25634.
Pages active:                                1812029.
Pages inactive:                              1810382.
Pages wired down:                             366314.
Pages occupied by compressor:                 132518.
Swapins:                                     5785689.
Swapouts:                                    7432653.
2026-10-05T08:21:52Z
vm.loadavg: { 2.98 4.21 6.40 }
vm.swapusage: total = 10240.00M  used = 8925.62M  free = 1314.38M  (encrypted)
Pages free:                                    30045.
Pages active:                                1808907.
Pages inactive:                              1809351.
Pages wired down:                             366010.
Pages occupied by compressor:                 132518.
Swapins:                                     5785689.
Swapouts:                                    7432653.
2026-10-05T08:21:57Z
vm.loadavg: { 2.90 4.17 6.37 }
vm.swapusage: total = 10240.00M  used = 8925.62M  free = 1314.38M  (encrypted)
Pages free:                                    29391.
Pages active:                                1810301.
Pages inactive:                              1808546.
Pages wired down:                             366043.
Pages occupied by compressor:                 132522.
Swapins:                                     5785693.
Swapouts:                                    7432653.
2026-10-05T08:22:02Z
vm.loadavg: { 3.39 4.25 6.39 }
vm.swapusage: total = 10240.00M  used = 8925.62M  free = 1314.38M  (encrypted)
Pages free:                                    15420.
Pages active:                                1806949.
Pages inactive:                              1806456.
Pages wired down:                             386216.
Pages occupied by compressor:                 132519.
Swapins:                                     5785693.
Swapouts:                                    7432653.
2026-10-05T08:22:08Z
vm.loadavg: { 3.12 4.18 6.35 }
vm.swapusage: total = 10240.00M  used = 8925.62M  free = 1314.38M  (encrypted)
Pages free:                                    29213.
Pages active:                                1809721.
Pages inactive:                              1810936.
Pages wired down:                             365141.
Pages occupied by compressor:                 132519.
Swapins:                                     5785693.
Swapouts:                                    7432653.
2026-10-05T08:22:13Z
vm.loadavg: { 2.95 4.12 6.32 }
vm.swapusage: total = 10240.00M  used = 8925.62M  free = 1314.38M  (encrypted)
Pages free:                                    33327.
Pages active:                                1806857.
Pages inactive:                              1808523.
Pages wired down:                             366263.
Pages occupied by compressor:                 132519.
Swapins:                                     5785693.
Swapouts:                                    7432653.
2026-10-05T08:22:18Z
vm.loadavg: { 3.75 4.27 6.36 }
vm.swapusage: total = 10240.00M  used = 8925.62M  free = 1314.38M  (encrypted)
Pages free:                                    15834.
Pages active:                                1811354.
Pages inactive:                              1810026.
Pages wired down:                             377446.
Pages occupied by compressor:                 132399.
Swapins:                                     5785977.
Swapouts:                                    7432653.
2026-10-05T08:22:23Z
vm.loadavg: { 4.09 4.33 6.37 }
vm.swapusage: total = 10240.00M  used = 8925.62M  free = 1314.38M  (encrypted)
Pages free:                                    15042.
Pages active:                                1813592.
Pages inactive:                              1812264.
Pages wired down:                             373718.
Pages occupied by compressor:                 132397.
Swapins:                                     5785977.
Swapouts:                                    7432653.
2026-10-05T08:22:28Z
vm.loadavg: { 4.00 4.31 6.35 }
vm.swapusage: total = 10240.00M  used = 8917.62M  free = 1322.38M  (encrypted)
Pages free:                                    11095.
Pages active:                                1822467.
Pages inactive:                              1813079.
Pages wired down:                             366055.
Pages occupied by compressor:                 132417.
Swapins:                                     5785997.
Swapouts:                                    7432653.
2026-10-05T08:22:33Z
vm.loadavg: { 4.08 4.32 6.34 }
vm.swapusage: total = 10240.00M  used = 8917.62M  free = 1322.38M  (encrypted)
Pages free:                                    12377.
Pages active:                                1825640.
Pages inactive:                              1808604.
Pages wired down:                             366214.
Pages occupied by compressor:                 132419.
Swapins:                                     5786000.
Swapouts:                                    7432653.
2026-10-05T08:22:38Z
vm.loadavg: { 3.84 4.27 6.31 }
vm.swapusage: total = 10240.00M  used = 8917.62M  free = 1322.38M  (encrypted)
Pages free:                                    17535.
Pages active:                                1815393.
Pages inactive:                              1813644.
Pages wired down:                             366232.
Pages occupied by compressor:                 132419.
Swapins:                                     5786000.
Swapouts:                                    7432653.
2026-10-05T08:22:43Z
vm.loadavg: { 3.93 4.28 6.30 }
vm.swapusage: total = 10240.00M  used = 8917.62M  free = 1322.38M  (encrypted)
Pages free:                                    20939.
Pages active:                                1814175.
Pages inactive:                              1811313.
Pages wired down:                             366299.
Pages occupied by compressor:                 132418.
Swapins:                                     5786000.
Swapouts:                                    7432653.
2026-10-05T08:22:48Z
vm.loadavg: { 4.65 4.42 6.34 }
vm.swapusage: total = 10240.00M  used = 8917.62M  free = 1322.38M  (encrypted)
Pages free:                                    20821.
Pages active:                                1814346.
Pages inactive:                              1811635.
Pages wired down:                             365844.
Pages occupied by compressor:                 132430.
Swapins:                                     5786055.
Swapouts:                                    7432653.
2026-10-05T08:22:53Z
vm.loadavg: { 4.52 4.40 6.32 }
vm.swapusage: total = 10240.00M  used = 8917.62M  free = 1322.38M  (encrypted)
Pages free:                                    20478.
Pages active:                                1814311.
Pages inactive:                              1811473.
Pages wired down:                             366373.
Pages occupied by compressor:                 132430.
Swapins:                                     5786055.
Swapouts:                                    7432653.
2026-10-05T08:22:58Z
vm.loadavg: { 4.64 4.43 6.31 }
vm.swapusage: total = 10240.00M  used = 8917.62M  free = 1322.38M  (encrypted)
Pages free:                                    19407.
Pages active:                                1815281.
Pages inactive:                              1811590.
Pages wired down:                             366323.
Pages occupied by compressor:                 132430.
Swapins:                                     5786055.
Swapouts:                                    7432653.
2026-10-05T08:23:03Z
vm.loadavg: { 5.07 4.52 6.34 }
vm.swapusage: total = 10240.00M  used = 8917.62M  free = 1322.38M  (encrypted)
Pages free:                                    15015.
Pages active:                                1815050.
Pages inactive:                              1801691.
Pages wired down:                             381561.
Pages occupied by compressor:                 134141.
Swapins:                                     5786055.
Swapouts:                                    7432653.
2026-10-05T08:23:08Z
vm.loadavg: { 4.90 4.49 6.32 }
vm.swapusage: total = 10240.00M  used = 8917.62M  free = 1322.38M  (encrypted)
Pages free:                                    25791.
Pages active:                                1809913.
Pages inactive:                              1810695.
Pages wired down:                             366148.
Pages occupied by compressor:                 134141.
Swapins:                                     5786055.
Swapouts:                                    7432653.
2026-10-05T08:23:13Z
vm.loadavg: { 5.15 4.55 6.33 }
vm.swapusage: total = 10240.00M  used = 8917.62M  free = 1322.38M  (encrypted)
Pages free:                                    27544.
Pages active:                                1807177.
Pages inactive:                              1811012.
Pages wired down:                             366478.
Pages occupied by compressor:                 134141.
Swapins:                                     5786055.
Swapouts:                                    7432653.
2026-10-05T08:23:18Z
vm.loadavg: { 4.90 4.51 6.30 }
vm.swapusage: total = 10240.00M  used = 8917.62M  free = 1322.38M  (encrypted)
Pages free:                                    25761.
Pages active:                                1808242.
Pages inactive:                              1811993.
Pages wired down:                             365314.
Pages occupied by compressor:                 134149.
Swapins:                                     5786063.
Swapouts:                                    7432653.
2026-10-05T08:23:23Z
vm.loadavg: { 4.99 4.53 6.30 }
vm.swapusage: total = 10240.00M  used = 8917.62M  free = 1322.38M  (encrypted)
Pages free:                                    19059.
Pages active:                                1809980.
Pages inactive:                              1814793.
Pages wired down:                             366708.
Pages occupied by compressor:                 134149.
Swapins:                                     5786063.
Swapouts:                                    7432653.
2026-10-05T08:23:28Z
vm.loadavg: { 5.15 4.57 6.30 }
vm.swapusage: total = 10240.00M  used = 8917.62M  free = 1322.38M  (encrypted)
Pages free:                                    17394.
Pages active:                                1811199.
Pages inactive:                              1815185.
Pages wired down:                             366707.
Pages occupied by compressor:                 134153.
Swapins:                                     5786067.
Swapouts:                                    7432653.
2026-10-05T08:23:33Z
vm.loadavg: { 4.98 4.55 6.28 }
vm.swapusage: total = 10240.00M  used = 8917.62M  free = 1322.38M  (encrypted)
Pages free:                                    16824.
Pages active:                                1812123.
Pages inactive:                              1815547.
Pages wired down:                             365953.
Pages occupied by compressor:                 134153.
Swapins:                                     5786067.
Swapouts:                                    7432653.
2026-10-05T08:23:38Z
vm.loadavg: { 5.22 4.60 6.29 }
vm.swapusage: total = 10240.00M  used = 8917.62M  free = 1322.38M  (encrypted)
Pages free:                                     9339.
Pages active:                                1818961.
Pages inactive:                              1815316.
Pages wired down:                             366797.
Pages occupied by compressor:                 134153.
Swapins:                                     5786067.
Swapouts:                                    7432653.
2026-10-05T08:23:43Z
vm.loadavg: { 4.96 4.56 6.27 }
vm.swapusage: total = 10240.00M  used = 8917.62M  free = 1322.38M  (encrypted)
Pages free:                                     6034.
Pages active:                                1817650.
Pages inactive:                              1822923.
Pages wired down:                             366760.
Pages occupied by compressor:                 134153.
Swapins:                                     5786067.
Swapouts:                                    7432653.
2026-10-05T08:23:48Z
vm.loadavg: { 5.20 4.62 6.28 }
vm.swapusage: total = 10240.00M  used = 8917.62M  free = 1322.38M  (encrypted)
Pages free:                                     7509.
Pages active:                                1818623.
Pages inactive:                              1819576.
Pages wired down:                             366630.
Pages occupied by compressor:                 134527.
Swapins:                                     5786067.
Swapouts:                                    7432653.
2026-10-05T08:23:53Z
vm.loadavg: { 5.35 4.66 6.28 }
vm.swapusage: total = 10240.00M  used = 8917.62M  free = 1322.38M  (encrypted)
Pages free:                                    18287.
Pages active:                                1812770.
Pages inactive:                              1814936.
Pages wired down:                             366521.
Pages occupied by compressor:                 134525.
Swapins:                                     5786067.
Swapouts:                                    7432653.
2026-10-05T08:23:58Z
vm.loadavg: { 5.16 4.63 6.26 }
vm.swapusage: total = 10240.00M  used = 8917.62M  free = 1322.38M  (encrypted)
Pages free:                                    14459.
Pages active:                                1816769.
Pages inactive:                              1814672.
Pages wired down:                             366552.
Pages occupied by compressor:                 134529.
Swapins:                                     5786071.
Swapouts:                                    7432653.
2026-10-05T08:24:03Z
vm.loadavg: { 5.15 4.63 6.25 }
vm.swapusage: total = 10240.00M  used = 8917.62M  free = 1322.38M  (encrypted)
Pages free:                                    18733.
Pages active:                                1821327.
Pages inactive:                              1806516.
Pages wired down:                             366445.
Pages occupied by compressor:                 134527.
Swapins:                                     5786071.
Swapouts:                                    7432653.
2026-10-05T08:24:08Z
vm.loadavg: { 5.05 4.62 6.24 }
vm.swapusage: total = 10240.00M  used = 8917.62M  free = 1322.38M  (encrypted)
Pages free:                                    25985.
Pages active:                                1795329.
Pages inactive:                              1808018.
Pages wired down:                             383638.
Pages occupied by compressor:                 134531.
Swapins:                                     5786075.
Swapouts:                                    7432653.
2026-10-05T08:24:13Z
vm.loadavg: { 4.97 4.61 6.23 }
vm.swapusage: total = 10240.00M  used = 8917.62M  free = 1322.38M  (encrypted)
Pages free:                                    34396.
Pages active:                                1804239.
Pages inactive:                              1808083.
Pages wired down:                             366219.
Pages occupied by compressor:                 134531.
Swapins:                                     5786075.
Swapouts:                                    7432653.
2026-10-05T08:24:18Z
vm.loadavg: { 5.05 4.64 6.23 }
vm.swapusage: total = 10240.00M  used = 8917.62M  free = 1322.38M  (encrypted)
Pages free:                                    24336.
Pages active:                                1794493.
Pages inactive:                              1808592.
Pages wired down:                             383648.
Pages occupied by compressor:                 134427.
Swapins:                                     5786079.
Swapouts:                                    7432653.
2026-10-05T08:24:23Z
vm.loadavg: { 5.85 4.81 6.28 }
vm.swapusage: total = 10240.00M  used = 8917.62M  free = 1322.38M  (encrypted)
Pages free:                                    29774.
Pages active:                                1807404.
Pages inactive:                              1807336.
Pages wired down:                             366494.
Pages occupied by compressor:                 134426.
Swapins:                                     5786079.
Swapouts:                                    7432653.
2026-10-05T08:24:29Z
vm.loadavg: { 5.18 4.70 6.22 }
vm.swapusage: total = 10240.00M  used = 8917.62M  free = 1322.38M  (encrypted)
Pages free:                                    19624.
Pages active:                                1800212.
Pages inactive:                              1807732.
Pages wired down:                             382920.
Pages occupied by compressor:                 134426.
Swapins:                                     5786079.
Swapouts:                                    7432653.
2026-10-05T08:24:34Z
vm.loadavg: { 5.41 4.75 6.23 }
vm.swapusage: total = 10240.00M  used = 8917.62M  free = 1322.38M  (encrypted)
Pages free:                                    18368.
Pages active:                                1799789.
Pages inactive:                              1808332.
Pages wired down:                             383705.
Pages occupied by compressor:                 134426.
Swapins:                                     5786079.
Swapouts:                                    7432653.
2026-10-05T08:24:39Z
vm.loadavg: { 5.38 4.76 6.22 }
vm.swapusage: total = 10240.00M  used = 8917.62M  free = 1322.38M  (encrypted)
Pages free:                                     7208.
Pages active:                                1797370.
Pages inactive:                              1794248.
Pages wired down:                             411316.
Pages occupied by compressor:                 134426.
Swapins:                                     5786079.
Swapouts:                                    7432653.
2026-10-05T08:24:44Z
vm.loadavg: { 5.26 4.74 6.21 }
vm.swapusage: total = 10240.00M  used = 8917.62M  free = 1322.38M  (encrypted)
Pages free:                                    11256.
Pages active:                                1818214.
Pages inactive:                              1817300.
Pages wired down:                             366000.
Pages occupied by compressor:                 134425.
Swapins:                                     5786079.
Swapouts:                                    7432653.
2026-10-05T08:24:49Z
vm.loadavg: { 4.84 4.67 6.17 }
vm.swapusage: total = 10240.00M  used = 8917.62M  free = 1322.38M  (encrypted)
Pages free:                                    16025.
Pages active:                                1814758.
Pages inactive:                              1815361.
Pages wired down:                             366544.
Pages occupied by compressor:                 134425.
Swapins:                                     5786079.
Swapouts:                                    7432653.
2026-10-05T08:24:54Z
vm.loadavg: { 4.77 4.65 6.16 }
vm.swapusage: total = 10240.00M  used = 8917.62M  free = 1322.38M  (encrypted)
Pages free:                                    11733.
Pages active:                                1807912.
Pages inactive:                              1809529.
Pages wired down:                             383432.
Pages occupied by compressor:                 134424.
Swapins:                                     5786079.
Swapouts:                                    7432653.
2026-10-05T08:24:59Z
vm.loadavg: { 5.51 4.81 6.21 }
vm.swapusage: total = 10240.00M  used = 8917.62M  free = 1322.38M  (encrypted)
Pages free:                                    15322.
Pages active:                                1816018.
Pages inactive:                              1814526.
Pages wired down:                             366645.
Pages occupied by compressor:                 134424.
Swapins:                                     5786079.
Swapouts:                                    7432653.
2026-10-05T08:25:04Z
vm.loadavg: { 5.71 4.86 6.22 }
vm.swapusage: total = 10240.00M  used = 8917.62M  free = 1322.38M  (encrypted)
Pages free:                                    20482.
Pages active:                                1805686.
Pages inactive:                              1803728.
Pages wired down:                             383050.
Pages occupied by compressor:                 134430.
Swapins:                                     5786087.
Swapouts:                                    7432653.
2026-10-05T08:25:09Z
vm.loadavg: { 5.49 4.83 6.20 }
vm.swapusage: total = 10240.00M  used = 8917.62M  free = 1322.38M  (encrypted)
Pages free:                                    30245.
Pages active:                                1796698.
Pages inactive:                              1803511.
Pages wired down:                             382421.
Pages occupied by compressor:                 134436.
Swapins:                                     5786095.
Swapouts:                                    7432653.
2026-10-05T08:25:14Z
vm.loadavg: { 5.45 4.83 6.19 }
vm.swapusage: total = 10240.00M  used = 8917.62M  free = 1322.38M  (encrypted)
Pages free:                                    35239.
Pages active:                                1791612.
Pages inactive:                              1802890.
Pages wired down:                             383077.
Pages occupied by compressor:                 134436.
Swapins:                                     5786095.
Swapouts:                                    7432653.
2026-10-05T08:25:19Z
vm.loadavg: { 5.34 4.82 6.18 }
vm.swapusage: total = 10240.00M  used = 8917.62M  free = 1322.38M  (encrypted)
Pages free:                                    32087.
Pages active:                                1793602.
Pages inactive:                              1803893.
Pages wired down:                             383108.
Pages occupied by compressor:                 134436.
Swapins:                                     5786095.
Swapouts:                                    7432653.
2026-10-05T08:25:24Z
vm.loadavg: { 5.39 4.84 6.18 }
vm.swapusage: total = 10240.00M  used = 8917.62M  free = 1322.38M  (encrypted)
Pages free:                                    30618.
Pages active:                                1796020.
Pages inactive:                              1803973.
Pages wired down:                             381986.
Pages occupied by compressor:                 134440.
Swapins:                                     5786099.
Swapouts:                                    7432653.
2026-10-05T08:25:29Z
vm.loadavg: { 5.68 4.91 6.19 }
vm.swapusage: total = 10240.00M  used = 8917.62M  free = 1322.38M  (encrypted)
Pages free:                                    33613.
Pages active:                                1809424.
Pages inactive:                              1803016.
Pages wired down:                             366478.
Pages occupied by compressor:                 134438.
Swapins:                                     5786099.
Swapouts:                                    7432653.
2026-10-05T08:25:34Z
vm.loadavg: { 5.54 4.89 6.18 }
vm.swapusage: total = 10240.00M  used = 8917.62M  free = 1322.38M  (encrypted)
Pages free:                                    30604.
Pages active:                                1795958.
Pages inactive:                              1803069.
Pages wired down:                             382863.
Pages occupied by compressor:                 134438.
Swapins:                                     5786099.
Swapouts:                                    7432653.
2026-10-05T08:25:39Z
vm.loadavg: { 5.50 4.89 6.17 }
vm.swapusage: total = 10240.00M  used = 8917.62M  free = 1322.38M  (encrypted)
Pages free:                                    29694.
Pages active:                                1797334.
Pages inactive:                              1803916.
Pages wired down:                             381509.
Pages occupied by compressor:                 134442.
Swapins:                                     5786103.
Swapouts:                                    7432653.
2026-10-05T08:25:44Z
vm.loadavg: { 5.38 4.88 6.16 }
vm.swapusage: total = 10240.00M  used = 8917.62M  free = 1322.38M  (encrypted)
Pages free:                                    20680.
Pages active:                                1813507.
Pages inactive:                              1811959.
Pages wired down:                             366272.
Pages occupied by compressor:                 134438.
Swapins:                                     5786111.
Swapouts:                                    7432653.
2026-10-05T08:25:49Z
vm.loadavg: { 5.35 4.88 6.15 }
vm.swapusage: total = 10240.00M  used = 8917.62M  free = 1322.38M  (encrypted)
Pages free:                                    14129.
Pages active:                                1808347.
Pages inactive:                              1806825.
Pages wired down:                             382719.
Pages occupied by compressor:                 134436.
Swapins:                                     5786118.
Swapouts:                                    7432653.
2026-10-05T08:25:54Z
vm.loadavg: { 5.80 4.98 6.18 }
vm.swapusage: total = 10240.00M  used = 8917.62M  free = 1322.38M  (encrypted)
Pages free:                                    20743.
Pages active:                                1812107.
Pages inactive:                              1813351.
Pages wired down:                             365765.
Pages occupied by compressor:                 134436.
Swapins:                                     5786118.
Swapouts:                                    7432653.
2026-10-05T08:25:59Z
vm.loadavg: { 5.66 4.96 6.17 }
vm.swapusage: total = 10240.00M  used = 8917.62M  free = 1322.38M  (encrypted)
Pages free:                                    10002.
Pages active:                                1810585.
Pages inactive:                              1808081.
Pages wired down:                             382831.
Pages occupied by compressor:                 134440.
Swapins:                                     5786122.
Swapouts:                                    7432653.
2026-10-05T08:26:04Z
vm.loadavg: { 5.28 4.90 6.14 }
vm.swapusage: total = 10240.00M  used = 8917.62M  free = 1322.38M  (encrypted)
Pages free:                                    29903.
Pages active:                                1800310.
Pages inactive:                              1798897.
Pages wired down:                             383383.
Pages occupied by compressor:                 134435.
Swapins:                                     5786122.
Swapouts:                                    7432653.
2026-10-05T08:26:09Z
vm.loadavg: { 5.10 4.87 6.12 }
vm.swapusage: total = 10240.00M  used = 8917.62M  free = 1322.38M  (encrypted)
Pages free:                                    51815.
Pages active:                                1788867.
Pages inactive:                              1788560.
Pages wired down:                             383162.
Pages occupied by compressor:                 134431.
Swapins:                                     5786122.
Swapouts:                                    7432653.
2026-10-05T08:26:14Z
vm.loadavg: { 5.17 4.89 6.12 }
vm.swapusage: total = 10240.00M  used = 8917.62M  free = 1322.38M  (encrypted)
Pages free:                                    59777.
Pages active:                                1794095.
Pages inactive:                              1792463.
Pages wired down:                             366028.
Pages occupied by compressor:                 134435.
Swapins:                                     5786126.
Swapouts:                                    7432653.
2026-10-05T08:26:19Z
vm.loadavg: { 5.32 4.92 6.12 }
vm.swapusage: total = 10240.00M  used = 8917.62M  free = 1322.38M  (encrypted)
Pages free:                                    39437.
Pages active:                                1783359.
Pages inactive:                              1781809.
Pages wired down:                             407547.
Pages occupied by compressor:                 134435.
Swapins:                                     5786126.
Swapouts:                                    7432653.
2026-10-05T08:26:24Z
vm.loadavg: { 5.93 5.05 6.16 }
vm.swapusage: total = 10240.00M  used = 8917.62M  free = 1322.38M  (encrypted)
Pages free:                                    32146.
Pages active:                                1792242.
Pages inactive:                              1788776.
Pages wired down:                             399372.
Pages occupied by compressor:                 133234.
Swapins:                                     5786204.
Swapouts:                                    7432653.
2026-10-05T08:26:29Z
vm.loadavg: { 5.86 5.05 6.15 }
vm.swapusage: total = 10240.00M  used = 8917.62M  free = 1322.38M  (encrypted)
Pages free:                                    35345.
Pages active:                                1787544.
Pages inactive:                              1789906.
Pages wired down:                             399314.
Pages occupied by compressor:                 133217.
Swapins:                                     5786204.
Swapouts:                                    7432653.
2026-10-05T08:26:34Z
vm.loadavg: { 5.55 5.00 6.13 }
vm.swapusage: total = 10240.00M  used = 8917.62M  free = 1322.38M  (encrypted)
Pages free:                                    30712.
Pages active:                                1785082.
Pages inactive:                              1789650.
Pages wired down:                             406215.
Pages occupied by compressor:                 133191.
Swapins:                                     5786204.
Swapouts:                                    7432653.
2026-10-05T08:26:39Z
vm.loadavg: { 5.58 5.02 6.13 }
vm.swapusage: total = 10240.00M  used = 8917.62M  free = 1322.38M  (encrypted)
Pages free:                                    40417.
Pages active:                                1796220.
Pages inactive:                              1795053.
Pages wired down:                             379936.
Pages occupied by compressor:                 133189.
Swapins:                                     5786204.
Swapouts:                                    7432653.
2026-10-05T08:26:44Z
vm.loadavg: { 5.22 4.95 6.10 }
vm.swapusage: total = 10240.00M  used = 8917.62M  free = 1322.38M  (encrypted)
Pages free:                                    41390.
Pages active:                                1794801.
Pages inactive:                              1793394.
Pages wired down:                             381995.
Pages occupied by compressor:                 133187.
Swapins:                                     5786208.
Swapouts:                                    7432653.
2026-10-05T08:26:49Z
vm.loadavg: { 4.88 4.89 6.07 }
vm.swapusage: total = 10240.00M  used = 8917.62M  free = 1322.38M  (encrypted)
Pages free:                                    35681.
Pages active:                                1800658.
Pages inactive:                              1796073.
Pages wired down:                             379132.
Pages occupied by compressor:                 133187.
Swapins:                                     5786208.
Swapouts:                                    7432653.
2026-10-05T08:26:54Z
vm.loadavg: { 4.65 4.84 6.04 }
vm.swapusage: total = 10240.00M  used = 8917.62M  free = 1322.38M  (encrypted)
Pages free:                                    39911.
Pages active:                                1794108.
Pages inactive:                              1795127.
Pages wired down:                             382369.
Pages occupied by compressor:                 133186.
Swapins:                                     5786208.
Swapouts:                                    7432653.
2026-10-05T08:26:59Z
vm.loadavg: { 4.84 4.87 6.05 }
vm.swapusage: total = 10240.00M  used = 8917.62M  free = 1322.38M  (encrypted)
Pages free:                                    43684.
Pages active:                                1795895.
Pages inactive:                              1792129.
Pages wired down:                             379773.
Pages occupied by compressor:                 133190.
Swapins:                                     5786212.
Swapouts:                                    7432653.
2026-10-05T08:27:05Z
vm.loadavg: { 6.53 5.22 6.17 }
vm.swapusage: total = 10240.00M  used = 8917.62M  free = 1322.38M  (encrypted)
Pages free:                                    25046.
Pages active:                                1804835.
Pages inactive:                              1800081.
Pages wired down:                             381219.
Pages occupied by compressor:                 133167.
Swapins:                                     5786216.
Swapouts:                                    7432653.
2026-10-05T08:27:10Z
vm.loadavg: { 6.17 5.17 6.14 }
vm.swapusage: total = 10240.00M  used = 8917.62M  free = 1322.38M  (encrypted)
Pages free:                                    13844.
Pages active:                                1795306.
Pages inactive:                              1793631.
Pages wired down:                             410204.
Pages occupied by compressor:                 133713.
Swapins:                                     5786224.
Swapouts:                                    7432653.
2026-10-05T08:27:15Z
vm.loadavg: { 5.91 5.13 6.12 }
vm.swapusage: total = 10240.00M  used = 8917.62M  free = 1322.38M  (encrypted)
Pages free:                                     5879.
Pages active:                                1790355.
Pages inactive:                              1787892.
Pages wired down:                             428581.
Pages occupied by compressor:                 133854.
Swapins:                                     5786243.
Swapouts:                                    7432653.
2026-10-05T08:27:20Z
vm.loadavg: { 6.16 5.20 6.14 }
vm.swapusage: total = 10240.00M  used = 8917.62M  free = 1322.38M  (encrypted)
Pages free:                                    33396.
Pages active:                                1794424.
Pages inactive:                              1792467.
Pages wired down:                             387772.
Pages occupied by compressor:                 138724.
Swapins:                                     5786333.
Swapouts:                                    7432653.
2026-10-05T08:27:25Z
vm.loadavg: { 6.23 5.23 6.15 }
vm.swapusage: total = 10240.00M  used = 8917.62M  free = 1322.38M  (encrypted)
Pages free:                                    25108.
Pages active:                                1789412.
Pages inactive:                              1782079.
Pages wired down:                             398477.
Pages occupied by compressor:                 151772.
Swapins:                                     5786337.
Swapouts:                                    7432653.
2026-10-05T08:27:30Z
vm.loadavg: { 6.05 5.21 6.13 }
vm.swapusage: total = 10240.00M  used = 8917.62M  free = 1322.38M  (encrypted)
Pages free:                                     9478.
Pages active:                                1780923.
Pages inactive:                              1777344.
Pages wired down:                             424751.
Pages occupied by compressor:                 152367.
Swapins:                                     5786364.
Swapouts:                                    7432653.
2026-10-05T08:27:35Z
vm.loadavg: { 6.04 5.22 6.13 }
vm.swapusage: total = 10240.00M  used = 8909.62M  free = 1330.38M  (encrypted)
Pages free:                                    22212.
Pages active:                                1750116.
Pages inactive:                              1748330.
Pages wired down:                             468403.
Pages occupied by compressor:                 157640.
Swapins:                                     5786442.
Swapouts:                                    7432653.
2026-10-05T08:27:40Z
vm.loadavg: { 6.20 5.27 6.14 }
vm.swapusage: total = 10240.00M  used = 8909.62M  free = 1330.38M  (encrypted)
Pages free:                                    39902.
Pages active:                                1751029.
Pages inactive:                              1761373.
Pages wired down:                             436582.
Pages occupied by compressor:                 157609.
Swapins:                                     5786442.
Swapouts:                                    7432653.
2026-10-05T08:27:45Z
vm.loadavg: { 5.70 5.18 6.11 }
vm.swapusage: total = 10240.00M  used = 8909.62M  free = 1330.38M  (encrypted)
Pages free:                                    68717.
Pages active:                                1771347.
Pages inactive:                              1770740.
Pages wired down:                             377979.
Pages occupied by compressor:                 157605.
Swapins:                                     5786442.
Swapouts:                                    7432653.
2026-10-05T08:27:50Z
vm.loadavg: { 5.57 5.16 6.09 }
vm.swapusage: total = 10240.00M  used = 8909.62M  free = 1330.38M  (encrypted)
Pages free:                                    74579.
Pages active:                                1763039.
Pages inactive:                              1772189.
Pages wired down:                             378826.
Pages occupied by compressor:                 157614.
Swapins:                                     5786454.
Swapouts:                                    7432653.
2026-10-05T08:27:55Z
vm.loadavg: { 5.60 5.17 6.09 }
vm.swapusage: total = 10240.00M  used = 8909.62M  free = 1330.38M  (encrypted)
Pages free:                                    75510.
Pages active:                                1758264.
Pages inactive:                              1755577.
Pages wired down:                             398861.
Pages occupied by compressor:                 157606.
Swapins:                                     5786454.
Swapouts:                                    7432653.
2026-10-05T08:28:00Z
vm.loadavg: { 5.63 5.19 6.09 }
vm.swapusage: total = 10240.00M  used = 8909.62M  free = 1330.38M  (encrypted)
Pages free:                                    88363.
Pages active:                                1757237.
Pages inactive:                              1754472.
Pages wired down:                             388409.
Pages occupied by compressor:                 157601.
Swapins:                                     5786454.
Swapouts:                                    7432653.
2026-10-05T08:28:05Z
vm.loadavg: { 5.82 5.23 6.10 }
vm.swapusage: total = 10240.00M  used = 8909.62M  free = 1330.38M  (encrypted)
Pages free:                                    89523.
Pages active:                                1735272.
Pages inactive:                              1741712.
Pages wired down:                             422064.
Pages occupied by compressor:                 157467.
Swapins:                                     5786454.
Swapouts:                                    7432653.
2026-10-05T08:28:10Z
vm.loadavg: { 5.68 5.21 6.09 }
vm.swapusage: total = 10240.00M  used = 8909.62M  free = 1330.38M  (encrypted)
Pages free:                                   108093.
Pages active:                                1737301.
Pages inactive:                              1741720.
Pages wired down:                             401412.
Pages occupied by compressor:                 157467.
Swapins:                                     5786454.
Swapouts:                                    7432653.
2026-10-05T08:28:15Z
vm.loadavg: { 6.02 5.29 6.11 }
vm.swapusage: total = 10240.00M  used = 8909.62M  free = 1330.38M  (encrypted)
Pages free:                                   121433.
Pages active:                                1712668.
Pages inactive:                              1707936.
Pages wired down:                             446392.
Pages occupied by compressor:                 157330.
Swapins:                                     5786454.
Swapouts:                                    7432653.
2026-10-05T08:28:20Z
vm.loadavg: { 6.10 5.32 6.12 }
vm.swapusage: total = 10240.00M  used = 8909.62M  free = 1330.38M  (encrypted)
Pages free:                                   156662.
Pages active:                                1727484.
Pages inactive:                              1726985.
Pages wired down:                             377157.
Pages occupied by compressor:                 157265.
Swapins:                                     5786458.
Swapouts:                                    7432653.
2026-10-05T08:28:25Z
vm.loadavg: { 5.93 5.30 6.10 }
vm.swapusage: total = 10240.00M  used = 8909.62M  free = 1330.38M  (encrypted)
Pages free:                                   166475.
Pages active:                                1722251.
Pages inactive:                              1722391.
Pages wired down:                             377113.
Pages occupied by compressor:                 157262.
Swapins:                                     5786458.
Swapouts:                                    7432653.
2026-10-05T08:28:30Z
vm.loadavg: { 5.78 5.27 6.09 }
vm.swapusage: total = 10240.00M  used = 8909.62M  free = 1330.38M  (encrypted)
Pages free:                                   140699.
Pages active:                                1712760.
Pages inactive:                              1709733.
Pages wired down:                             425005.
Pages occupied by compressor:                 157262.
Swapins:                                     5786458.
Swapouts:                                    7432653.
2026-10-05T08:28:35Z
vm.loadavg: { 6.04 5.34 6.11 }
vm.swapusage: total = 10240.00M  used = 8909.62M  free = 1330.38M  (encrypted)
Pages free:                                   141533.
Pages active:                                1709033.
Pages inactive:                              1706083.
Pages wired down:                             431544.
Pages occupied by compressor:                 157261.
Swapins:                                     5786458.
Swapouts:                                    7432653.
2026-10-05T08:28:40Z
vm.loadavg: { 5.95 5.33 6.10 }
vm.swapusage: total = 10240.00M  used = 8909.62M  free = 1330.38M  (encrypted)
Pages free:                                   133962.
Pages active:                                1722044.
Pages inactive:                              1718146.
Pages wired down:                             414037.
Pages occupied by compressor:                 157257.
Swapins:                                     5786462.
Swapouts:                                    7432653.
2026-10-05T08:28:45Z
vm.loadavg: { 5.96 5.34 6.10 }
vm.swapusage: total = 10240.00M  used = 8909.62M  free = 1330.38M  (encrypted)
Pages free:                                    36453.
Pages active:                                1749273.
Pages inactive:                              1744031.
Pages wired down:                             458531.
Pages occupied by compressor:                 156953.
Swapins:                                     5786494.
Swapouts:                                    7432653.
2026-10-05T08:28:50Z
vm.loadavg: { 5.72 5.30 6.08 }
vm.swapusage: total = 10240.00M  used = 8893.62M  free = 1346.38M  (encrypted)
Pages free:                                    21659.
Pages active:                                1754513.
Pages inactive:                              1751782.
Pages wired down:                             459807.
Pages occupied by compressor:                 157230.
Swapins:                                     5787246.
Swapouts:                                    7432653.
2026-10-05T08:28:55Z
vm.loadavg: { 5.42 5.25 6.06 }
vm.swapusage: total = 10240.00M  used = 8893.62M  free = 1346.38M  (encrypted)
Pages free:                                    14770.
Pages active:                                1750813.
Pages inactive:                              1749969.
Pages wired down:                             470947.
Pages occupied by compressor:                 157448.
Swapins:                                     5787599.
Swapouts:                                    7432653.
2026-10-05T08:29:00Z
vm.loadavg: { 5.39 5.24 6.05 }
vm.swapusage: total = 10240.00M  used = 8893.62M  free = 1346.38M  (encrypted)
Pages free:                                     6879.
Pages active:                                1754674.
Pages inactive:                              1751754.
Pages wired down:                             474097.
Pages occupied by compressor:                 157522.
Swapins:                                     5787845.
Swapouts:                                    7432653.
2026-10-05T08:29:05Z
vm.loadavg: { 5.36 5.24 6.04 }
vm.swapusage: total = 10240.00M  used = 8893.62M  free = 1346.38M  (encrypted)
Pages free:                                    19058.
Pages active:                                1758630.
Pages inactive:                              1752627.
Pages wired down:                             459360.
Pages occupied by compressor:                 157535.
Swapins:                                     5787969.
Swapouts:                                    7432653.
2026-10-05T08:29:10Z
vm.loadavg: { 5.17 5.20 6.03 }
vm.swapusage: total = 10240.00M  used = 8893.62M  free = 1346.38M  (encrypted)
Pages free:                                    16898.
Pages active:                                1741431.
Pages inactive:                              1742896.
Pages wired down:                             488624.
Pages occupied by compressor:                 157504.
Swapins:                                     5787969.
Swapouts:                                    7432653.
2026-10-05T08:29:15Z
vm.loadavg: { 6.03 5.38 6.08 }
vm.swapusage: total = 10240.00M  used = 8893.62M  free = 1346.38M  (encrypted)
Pages free:                                    43631.
Pages active:                                1706016.
Pages inactive:                              1701501.
Pages wired down:                             508355.
Pages occupied by compressor:                 187473.
Swapins:                                     5787984.
Swapouts:                                    7432653.
2026-10-05T08:29:20Z
vm.loadavg: { 5.95 5.37 6.08 }
vm.swapusage: total = 10240.00M  used = 8893.62M  free = 1346.38M  (encrypted)
Pages free:                                    86482.
Pages active:                                1713850.
Pages inactive:                              1727509.
Pages wired down:                             430617.
Pages occupied by compressor:                 187450.
Swapins:                                     5787988.
Swapouts:                                    7432653.
2026-10-05T08:29:25Z
vm.loadavg: { 6.92 5.58 6.15 }
vm.swapusage: total = 10240.00M  used = 8893.62M  free = 1346.38M  (encrypted)
Pages free:                                    87199.
Pages active:                                1686835.
Pages inactive:                              1704557.
Pages wired down:                             479740.
Pages occupied by compressor:                 187456.
Swapins:                                     5787996.
Swapouts:                                    7432653.
2026-10-05T08:29:30Z
vm.loadavg: { 6.68 5.56 6.14 }
vm.swapusage: total = 10240.00M  used = 8893.62M  free = 1346.38M  (encrypted)
Pages free:                                    80787.
Pages active:                                1714730.
Pages inactive:                              1715694.
Pages wired down:                             447006.
Pages occupied by compressor:                 187459.
Swapins:                                     5788000.
Swapouts:                                    7432653.
2026-10-05T08:29:35Z
vm.loadavg: { 6.31 5.50 6.11 }
vm.swapusage: total = 10240.00M  used = 8893.62M  free = 1346.38M  (encrypted)
Pages free:                                    39673.
Pages active:                                1705902.
Pages inactive:                              1708215.
Pages wired down:                             503917.
Pages occupied by compressor:                 187453.
Swapins:                                     5788000.
Swapouts:                                    7432653.
2026-10-05T08:29:40Z
vm.loadavg: { 7.00 5.65 6.16 }
vm.swapusage: total = 10240.00M  used = 8893.62M  free = 1346.38M  (encrypted)
Pages free:                                    36278.
Pages active:                                1710652.
Pages inactive:                              1706302.
Pages wired down:                             504063.
Pages occupied by compressor:                 187414.
Swapins:                                     5788004.
Swapouts:                                    7432653.
2026-10-05T08:29:45Z
vm.loadavg: { 6.44 5.56 6.13 }
vm.swapusage: total = 10240.00M  used = 8893.62M  free = 1346.38M  (encrypted)
Pages free:                                     5342.
Pages active:                                1733712.
Pages inactive:                              1731453.
Pages wired down:                             489087.
Pages occupied by compressor:                 187700.
Swapins:                                     5788007.
Swapouts:                                    7432653.
2026-10-05T08:29:50Z
vm.loadavg: { 6.09 5.50 6.10 }
vm.swapusage: total = 10240.00M  used = 8893.62M  free = 1346.38M  (encrypted)
Pages free:                                    31389.
Pages active:                                1697489.
Pages inactive:                              1695435.
Pages wired down:                             528982.
Pages occupied by compressor:                 193409.
Swapins:                                     5788007.
Swapouts:                                    7432653.
2026-10-05T08:29:56Z
vm.loadavg: { 6.16 5.53 6.11 }
vm.swapusage: total = 10240.00M  used = 8893.62M  free = 1346.38M  (encrypted)
Pages free:                                    90127.
Pages active:                                1699864.
Pages inactive:                              1697646.
Pages wired down:                             465613.
Pages occupied by compressor:                 193407.
Swapins:                                     5788007.
Swapouts:                                    7432653.
2026-10-05T08:30:01Z
vm.loadavg: { 6.15 5.53 6.11 }
vm.swapusage: total = 10240.00M  used = 8893.62M  free = 1346.38M  (encrypted)
Pages free:                                    72935.
Pages active:                                1687957.
Pages inactive:                              1687891.
Pages wired down:                             504846.
Pages occupied by compressor:                 192999.
Swapins:                                     5788011.
Swapouts:                                    7432653.
2026-10-05T08:30:06Z
vm.loadavg: { 5.97 5.51 6.09 }
vm.swapusage: total = 10240.00M  used = 8893.62M  free = 1346.38M  (encrypted)
Pages free:                                    86755.
Pages active:                                1701693.
Pages inactive:                              1700770.
Pages wired down:                             464261.
Pages occupied by compressor:                 192968.
Swapins:                                     5788019.
Swapouts:                                    7432653.
2026-10-05T08:30:11Z
vm.loadavg: { 5.74 5.47 6.07 }
vm.swapusage: total = 10240.00M  used = 8893.62M  free = 1346.38M  (encrypted)
Pages free:                                    95734.
Pages active:                                1696897.
Pages inactive:                              1694210.
Pages wired down:                             466607.
Pages occupied by compressor:                 192937.
Swapins:                                     5788019.
Swapouts:                                    7432653.
2026-10-05T08:30:16Z
vm.loadavg: { 5.84 5.49 6.08 }
vm.swapusage: total = 10240.00M  used = 8893.62M  free = 1346.38M  (encrypted)
Pages free:                                    98534.
Pages active:                                1697350.
Pages inactive:                              1695285.
Pages wired down:                             462197.
Pages occupied by compressor:                 192934.
Swapins:                                     5788019.
Swapouts:                                    7432653.
2026-10-05T08:30:21Z
vm.loadavg: { 5.93 5.52 6.09 }
vm.swapusage: total = 10240.00M  used = 8893.62M  free = 1346.38M  (encrypted)
Pages free:                                    97603.
Pages active:                                1700952.
Pages inactive:                              1698657.
Pages wired down:                             456118.
Pages occupied by compressor:                 192936.
Swapins:                                     5788023.
Swapouts:                                    7432653.
2026-10-05T08:30:26Z
vm.loadavg: { 6.01 5.54 6.09 }
vm.swapusage: total = 10240.00M  used = 8893.62M  free = 1346.38M  (encrypted)
Pages free:                                    92669.
Pages active:                                1691959.
Pages inactive:                              1695426.
Pages wired down:                             473245.
Pages occupied by compressor:                 192935.
Swapins:                                     5788023.
Swapouts:                                    7432653.
2026-10-05T08:30:31Z
vm.loadavg: { 6.09 5.56 6.10 }
vm.swapusage: total = 10240.00M  used = 8893.62M  free = 1346.38M  (encrypted)
Pages free:                                    77746.
Pages active:                                1687813.
Pages inactive:                              1685088.
Pages wired down:                             502597.
Pages occupied by compressor:                 192933.
Swapins:                                     5788023.
Swapouts:                                    7432653.
2026-10-05T08:30:36Z
vm.loadavg: { 5.77 5.50 6.07 }
vm.swapusage: total = 10240.00M  used = 8893.62M  free = 1346.38M  (encrypted)
Pages free:                                    34177.
Pages active:                                1707991.
Pages inactive:                              1710757.
Pages wired down:                             500199.
Pages occupied by compressor:                 192912.
Swapins:                                     5788023.
Swapouts:                                    7432653.
2026-10-05T08:30:41Z
vm.loadavg: { 5.86 5.53 6.08 }
vm.swapusage: total = 10240.00M  used = 8893.62M  free = 1346.38M  (encrypted)
Pages free:                                     6463.
Pages active:                                1716341.
Pages inactive:                              1715013.
Pages wired down:                             511330.
Pages occupied by compressor:                 198043.
Swapins:                                     5788047.
Swapouts:                                    7432653.
2026-10-05T08:30:46Z
vm.loadavg: { 6.92 5.75 6.15 }
vm.swapusage: total = 10240.00M  used = 8893.62M  free = 1346.38M  (encrypted)
Pages free:                                    36547.
Pages active:                                1711497.
Pages inactive:                              1709788.
Pages wired down:                             490691.
Pages occupied by compressor:                 198608.
Swapins:                                     5788051.
Swapouts:                                    7432653.
2026-10-05T08:30:51Z
vm.loadavg: { 7.24 5.84 6.18 }
vm.swapusage: total = 10240.00M  used = 8893.62M  free = 1346.38M  (encrypted)
Pages free:                                     7611.
Pages active:                                1721171.
Pages inactive:                              1718863.
Pages wired down:                             492416.
Pages occupied by compressor:                 205833.
Swapins:                                     5788059.
Swapouts:                                    7432653.
2026-10-05T08:30:56Z
vm.loadavg: { 7.14 5.84 6.18 }
vm.swapusage: total = 10240.00M  used = 8893.62M  free = 1346.38M  (encrypted)
Pages free:                                     9726.
Pages active:                                1725735.
Pages inactive:                              1725124.
Pages wired down:                             480730.
Pages occupied by compressor:                 206008.
Swapins:                                     5788071.
Swapouts:                                    7432653.
2026-10-05T08:31:01Z
vm.loadavg: { 6.89 5.81 6.17 }
vm.swapusage: total = 10240.00M  used = 8893.62M  free = 1346.38M  (encrypted)
Pages free:                                     6068.
Pages active:                                1708474.
Pages inactive:                              1707029.
Pages wired down:                             519209.
Pages occupied by compressor:                 206274.
Swapins:                                     5788071.
Swapouts:                                    7432653.
2026-10-05T08:31:06Z
vm.loadavg: { 6.50 5.75 6.14 }
vm.swapusage: total = 10240.00M  used = 8893.62M  free = 1346.38M  (encrypted)
Pages free:                                    29115.
Pages active:                                1691533.
Pages inactive:                              1689755.
Pages wired down:                             530077.
Pages occupied by compressor:                 206303.
Swapins:                                     5788177.
Swapouts:                                    7432653.
2026-10-05T08:31:11Z
vm.loadavg: { 6.14 5.69 6.12 }
vm.swapusage: total = 10240.00M  used = 8893.62M  free = 1346.38M  (encrypted)
Pages free:                                    55940.
Pages active:                                1694377.
Pages inactive:                              1692279.
Pages wired down:                             497833.
Pages occupied by compressor:                 206265.
Swapins:                                     5788177.
Swapouts:                                    7432653.
2026-10-05T08:31:16Z
vm.loadavg: { 6.53 5.77 6.15 }
vm.swapusage: total = 10240.00M  used = 8893.62M  free = 1346.38M  (encrypted)
Pages free:                                    69614.
Pages active:                                1688596.
Pages inactive:                              1685924.
Pages wired down:                             496267.
Pages occupied by compressor:                 206193.
Swapins:                                     5788185.
Swapouts:                                    7432653.
2026-10-05T08:31:21Z
vm.loadavg: { 6.32 5.74 6.13 }
vm.swapusage: total = 10240.00M  used = 8885.62M  free = 1354.38M  (encrypted)
Pages free:                                    68826.
Pages active:                                1685282.
Pages inactive:                              1686247.
Pages wired down:                             499642.
Pages occupied by compressor:                 206094.
Swapins:                                     5788232.
Swapouts:                                    7432653.
2026-10-05T08:31:26Z
vm.loadavg: { 6.06 5.70 6.11 }
vm.swapusage: total = 10240.00M  used = 8885.62M  free = 1354.38M  (encrypted)
Pages free:                                    46749.
Pages active:                                1701653.
Pages inactive:                              1698700.
Pages wired down:                             492532.
Pages occupied by compressor:                 206019.
Swapins:                                     5788256.
Swapouts:                                    7432653.
2026-10-05T08:31:31Z
vm.loadavg: { 5.89 5.67 6.10 }
vm.swapusage: total = 10240.00M  used = 8885.62M  free = 1354.38M  (encrypted)
Pages free:                                    59949.
Pages active:                                1707284.
Pages inactive:                              1703456.
Pages wired down:                             468740.
Pages occupied by compressor:                 206013.
Swapins:                                     5788260.
Swapouts:                                    7432653.
2026-10-05T08:31:36Z
vm.loadavg: { 5.82 5.66 6.09 }
vm.swapusage: total = 10240.00M  used = 8885.62M  free = 1354.38M  (encrypted)
Pages free:                                    70984.
Pages active:                                1705386.
Pages inactive:                              1701401.
Pages wired down:                             461619.
Pages occupied by compressor:                 206013.
Swapins:                                     5788260.
Swapouts:                                    7432653.
2026-10-05T08:31:41Z
vm.loadavg: { 5.60 5.61 6.08 }
vm.swapusage: total = 10240.00M  used = 8885.62M  free = 1354.38M  (encrypted)
Pages free:                                    27296.
Pages active:                                1704626.
Pages inactive:                              1704048.
Pages wired down:                             504852.
Pages occupied by compressor:                 204514.
Swapins:                                     5788264.
Swapouts:                                    7432653.
2026-10-05T08:31:46Z
vm.loadavg: { 5.55 5.60 6.07 }
vm.swapusage: total = 10240.00M  used = 8885.62M  free = 1354.38M  (encrypted)
Pages free:                                    11005.
Pages active:                                1709057.
Pages inactive:                              1707349.
Pages wired down:                             515323.
Pages occupied by compressor:                 204570.
Swapins:                                     5788264.
Swapouts:                                    7432653.
2026-10-05T08:31:51Z
vm.loadavg: { 5.58 5.61 6.07 }
vm.swapusage: total = 10240.00M  used = 8885.62M  free = 1354.38M  (encrypted)
Pages free:                                    37984.
Pages active:                                1724253.
Pages inactive:                              1703815.
Pages wired down:                             474549.
Pages occupied by compressor:                 205602.
Swapins:                                     5788264.
Swapouts:                                    7432653.
2026-10-05T08:31:56Z
vm.loadavg: { 5.70 5.63 6.07 }
vm.swapusage: total = 10240.00M  used = 8885.62M  free = 1354.38M  (encrypted)
Pages free:                                    51604.
Pages active:                                1708414.
Pages inactive:                              1705375.
Pages wired down:                             475231.
Pages occupied by compressor:                 205415.
Swapins:                                     5788264.
Swapouts:                                    7432653.
2026-10-05T08:32:01Z
vm.loadavg: { 6.20 5.74 6.11 }
vm.swapusage: total = 10240.00M  used = 8885.62M  free = 1354.38M  (encrypted)
Pages free:                                     9009.
Pages active:                                1712476.
Pages inactive:                              1709128.
Pages wired down:                             509443.
Pages occupied by compressor:                 205139.
Swapins:                                     5788268.
Swapouts:                                    7432653.
2026-10-05T08:32:06Z
vm.loadavg: { 6.19 5.74 6.11 }
vm.swapusage: total = 10240.00M  used = 8877.62M  free = 1362.38M  (encrypted)
Pages free:                                    28563.
Pages active:                                1714094.
Pages inactive:                              1712325.
Pages wired down:                             485013.
Pages occupied by compressor:                 205157.
Swapins:                                     5788372.
Swapouts:                                    7432653.
2026-10-05T08:32:11Z
vm.loadavg: { 6.33 5.78 6.12 }
vm.swapusage: total = 10240.00M  used = 8877.62M  free = 1362.38M  (encrypted)
Pages free:                                    31480.
Pages active:                                1714756.
Pages inactive:                              1714815.
Pages wired down:                             476420.
Pages occupied by compressor:                 208642.
Swapins:                                     5788376.
Swapouts:                                    7432653.
2026-10-05T08:32:16Z
vm.loadavg: { 6.54 5.83 6.14 }
vm.swapusage: total = 10240.00M  used = 8877.62M  free = 1362.38M  (encrypted)
Pages free:                                    34762.
Pages active:                                1688547.
Pages inactive:                              1692684.
Pages wired down:                             521737.
Pages occupied by compressor:                 208482.
Swapins:                                     5788380.
Swapouts:                                    7432653.
2026-10-05T08:32:21Z
vm.loadavg: { 6.74 5.88 6.15 }
vm.swapusage: total = 10240.00M  used = 8877.62M  free = 1362.38M  (encrypted)
Pages free:                                    54754.
Pages active:                                1693978.
Pages inactive:                              1697116.
Pages wired down:                             492052.
Pages occupied by compressor:                 208091.
Swapins:                                     5788380.
Swapouts:                                    7432653.
2026-10-05T08:32:26Z
vm.loadavg: { 7.00 5.95 6.17 }
vm.swapusage: total = 10240.00M  used = 8877.62M  free = 1362.38M  (encrypted)
Pages free:                                    45449.
Pages active:                                1703431.
Pages inactive:                              1704363.
Pages wired down:                             484674.
Pages occupied by compressor:                 207939.
Swapins:                                     5788380.
Swapouts:                                    7432653.
2026-10-05T08:32:31Z
vm.loadavg: { 7.00 5.97 6.18 }
vm.swapusage: total = 10240.00M  used = 8877.62M  free = 1362.38M  (encrypted)
Pages free:                                    35776.
Pages active:                                1713947.
Pages inactive:                              1709362.
Pages wired down:                             477105.
Pages occupied by compressor:                 207919.
Swapins:                                     5788380.
Swapouts:                                    7432653.
2026-10-05T08:32:36Z
vm.loadavg: { 7.08 6.00 6.19 }
vm.swapusage: total = 10240.00M  used = 8877.62M  free = 1362.38M  (encrypted)
Pages free:                                    50619.
Pages active:                                1704841.
Pages inactive:                              1703383.
Pages wired down:                             476291.
Pages occupied by compressor:                 207936.
Swapins:                                     5788612.
Swapouts:                                    7432653.
2026-10-05T08:32:41Z
vm.loadavg: { 8.19 6.25 6.28 }
vm.swapusage: total = 10240.00M  used = 8877.62M  free = 1362.38M  (encrypted)
Pages free:                                    50468.
Pages active:                                1710661.
Pages inactive:                              1704670.
Pages wired down:                             468805.
Pages occupied by compressor:                 207920.
Swapins:                                     5788620.
Swapouts:                                    7432653.
2026-10-05T08:32:47Z
vm.loadavg: { 8.10 6.26 6.28 }
vm.swapusage: total = 10240.00M  used = 8877.62M  free = 1362.38M  (encrypted)
Pages free:                                    48917.
Pages active:                                1708223.
Pages inactive:                              1701640.
Pages wired down:                             476045.
Pages occupied by compressor:                 207622.
Swapins:                                     5788738.
Swapouts:                                    7432653.
2026-10-05T08:32:52Z
vm.loadavg: { 9.05 6.49 6.36 }
vm.swapusage: total = 10240.00M  used = 8877.62M  free = 1362.38M  (encrypted)
Pages free:                                    53665.
Pages active:                                1718471.
Pages inactive:                              1711652.
Pages wired down:                             450624.
Pages occupied by compressor:                 207607.
Swapins:                                     5788738.
Swapouts:                                    7432653.
2026-10-05T08:32:57Z
vm.loadavg: { 8.97 6.52 6.37 }
vm.swapusage: total = 10240.00M  used = 8877.62M  free = 1362.38M  (encrypted)
Pages free:                                    60091.
Pages active:                                1725345.
Pages inactive:                              1713649.
Pages wired down:                             435282.
Pages occupied by compressor:                 207608.
Swapins:                                     5788740.
Swapouts:                                    7432653.
2026-10-05T08:33:02Z
vm.loadavg: { 8.97 6.56 6.38 }
vm.swapusage: total = 10240.00M  used = 8877.62M  free = 1362.38M  (encrypted)
Pages free:                                    29580.
Pages active:                                1718560.
Pages inactive:                              1711600.
Pages wired down:                             474274.
Pages occupied by compressor:                 207606.
Swapins:                                     5788755.
Swapouts:                                    7432653.
2026-10-05T08:33:07Z
vm.loadavg: { 8.97 6.60 6.40 }
vm.swapusage: total = 10240.00M  used = 8877.62M  free = 1362.38M  (encrypted)
Pages free:                                    44542.
Pages active:                                1710542.
Pages inactive:                              1703336.
Pages wired down:                             475538.
Pages occupied by compressor:                 207612.
Swapins:                                     5788766.
Swapouts:                                    7432653.
2026-10-05T08:33:12Z
vm.loadavg: { 8.97 6.64 6.41 }
vm.swapusage: total = 10240.00M  used = 8877.62M  free = 1362.38M  (encrypted)
Pages free:                                    10805.
Pages active:                                1708276.
Pages inactive:                              1707077.
Pages wired down:                             513802.
Pages occupied by compressor:                 207513.
Swapins:                                     5788766.
Swapouts:                                    7432653.
2026-10-05T08:33:17Z
vm.loadavg: { 9.06 6.69 6.44 }
vm.swapusage: total = 10240.00M  used = 8877.62M  free = 1362.38M  (encrypted)
Pages free:                                    35197.
Pages active:                                1722191.
Pages inactive:                              1718449.
Pages wired down:                             463990.
Pages occupied by compressor:                 207452.
Swapins:                                     5788774.
Swapouts:                                    7432653.
2026-10-05T08:33:22Z
vm.loadavg: { 8.81 6.68 6.43 }
vm.swapusage: total = 10240.00M  used = 8877.62M  free = 1362.38M  (encrypted)
Pages free:                                    55030.
Pages active:                                1725984.
Pages inactive:                              1716556.
Pages wired down:                             441938.
Pages occupied by compressor:                 207477.
Swapins:                                     5788834.
Swapouts:                                    7432653.
2026-10-05T08:33:27Z
vm.loadavg: { 8.43 6.64 6.42 }
vm.swapusage: total = 10240.00M  used = 8877.62M  free = 1362.38M  (encrypted)
Pages free:                                    48040.
Pages active:                                1705705.
Pages inactive:                              1707430.
Pages wired down:                             477083.
Pages occupied by compressor:                 207446.
Swapins:                                     5788834.
Swapouts:                                    7432653.
2026-10-05T08:33:32Z
vm.loadavg: { 8.23 6.63 6.41 }
vm.swapusage: total = 10240.00M  used = 8877.62M  free = 1362.38M  (encrypted)
Pages free:                                    51750.
Pages active:                                1725734.
Pages inactive:                              1724144.
Pages wired down:                             436654.
Pages occupied by compressor:                 207386.
Swapins:                                     5788834.
Swapouts:                                    7432653.
2026-10-05T08:33:37Z
vm.loadavg: { 7.89 6.58 6.40 }
vm.swapusage: total = 10240.00M  used = 8877.62M  free = 1362.38M  (encrypted)
Pages free:                                    52187.
Pages active:                                1698446.
Pages inactive:                              1718487.
Pages wired down:                             469031.
Pages occupied by compressor:                 207402.
Swapins:                                     5788865.
Swapouts:                                    7432653.
2026-10-05T08:33:42Z
vm.loadavg: { 7.82 6.59 6.40 }
vm.swapusage: total = 10240.00M  used = 8877.62M  free = 1362.38M  (encrypted)
Pages free:                                    43467.
Pages active:                                1727242.
Pages inactive:                              1728460.
Pages wired down:                             439029.
Pages occupied by compressor:                 207024.
Swapins:                                     5788929.
Swapouts:                                    7432653.
2026-10-05T08:33:47Z
vm.loadavg: { 7.83 6.61 6.41 }
vm.swapusage: total = 10240.00M  used = 8869.62M  free = 1370.38M  (encrypted)
Pages free:                                    41492.
Pages active:                                1735660.
Pages inactive:                              1731627.
Pages wired down:                             429346.
Pages occupied by compressor:                 207022.
Swapins:                                     5788953.
Swapouts:                                    7432653.
2026-10-05T08:33:52Z
vm.loadavg: { 7.61 6.58 6.40 }
vm.swapusage: total = 10240.00M  used = 8869.62M  free = 1370.38M  (encrypted)
Pages free:                                    45457.
Pages active:                                1739243.
Pages inactive:                              1735853.
Pages wired down:                             417533.
Pages occupied by compressor:                 207021.
Swapins:                                     5788957.
Swapouts:                                    7432653.
2026-10-05T08:33:57Z
vm.loadavg: { 7.24 6.53 6.38 }
vm.swapusage: total = 10240.00M  used = 8869.62M  free = 1370.38M  (encrypted)
Pages free:                                    24299.
Pages active:                                1740758.
Pages inactive:                              1733065.
Pages wired down:                             442087.
Pages occupied by compressor:                 207014.
Swapins:                                     5788961.
Swapouts:                                    7432653.
2026-10-05T08:34:02Z
vm.loadavg: { 7.22 6.53 6.39 }
vm.swapusage: total = 10240.00M  used = 8869.62M  free = 1370.38M  (encrypted)
Pages free:                                    29690.
Pages active:                                1705327.
Pages inactive:                              1703908.
Pages wired down:                             496494.
Pages occupied by compressor:                 210037.
Swapins:                                     5788965.
Swapouts:                                    7432653.
2026-10-05T08:34:07Z
vm.loadavg: { 7.28 6.56 6.40 }
vm.swapusage: total = 10240.00M  used = 8869.62M  free = 1370.38M  (encrypted)
Pages free:                                    43054.
Pages active:                                1715531.
Pages inactive:                              1719206.
Pages wired down:                             453672.
Pages occupied by compressor:                 210266.
Swapins:                                     5789013.
Swapouts:                                    7432653.
2026-10-05T08:34:12Z
vm.loadavg: { 6.86 6.48 6.37 }
vm.swapusage: total = 10240.00M  used = 8869.62M  free = 1370.38M  (encrypted)
Pages free:                                    63486.
Pages active:                                1719228.
Pages inactive:                              1715892.
Pages wired down:                             432653.
Pages occupied by compressor:                 210255.
Swapins:                                     5789019.
Swapouts:                                    7432653.
2026-10-05T08:34:17Z
vm.loadavg: { 6.79 6.47 6.37 }
vm.swapusage: total = 10240.00M  used = 8869.62M  free = 1370.38M  (encrypted)
Pages free:                                    67091.
Pages active:                                1719678.
Pages inactive:                              1715961.
Pages wired down:                             428112.
Pages occupied by compressor:                 210250.
Swapins:                                     5789023.
Swapouts:                                    7432653.
2026-10-05T08:34:22Z
vm.loadavg: { 7.53 6.63 6.43 }
vm.swapusage: total = 10240.00M  used = 8869.62M  free = 1370.38M  (encrypted)
Pages free:                                    36014.
Pages active:                                1690126.
Pages inactive:                              1691026.
Pages wired down:                             512736.
Pages occupied by compressor:                 210050.
Swapins:                                     5789035.
Swapouts:                                    7432653.
2026-10-05T08:34:27Z
vm.loadavg: { 7.32 6.60 6.42 }
vm.swapusage: total = 10240.00M  used = 8869.62M  free = 1370.38M  (encrypted)
Pages free:                                    46502.
Pages active:                                1716854.
Pages inactive:                              1707575.
Pages wired down:                             458609.
Pages occupied by compressor:                 209981.
Swapins:                                     5789047.
Swapouts:                                    7432653.
2026-10-05T08:34:32Z
vm.loadavg: { 7.46 6.64 6.43 }
vm.swapusage: total = 10240.00M  used = 8869.62M  free = 1370.38M  (encrypted)
Pages free:                                     6084.
Pages active:                                1731617.
Pages inactive:                              1702388.
Pages wired down:                             463225.
Pages occupied by compressor:                 216993.
Swapins:                                     5789055.
Swapouts:                                    7432653.
2026-10-05T08:34:37Z
vm.loadavg: { 7.50 6.67 6.44 }
vm.swapusage: total = 10240.00M  used = 8869.62M  free = 1370.38M  (encrypted)
Pages free:                                    34465.
Pages active:                                1726655.
Pages inactive:                              1704604.
Pages wired down:                             435833.
Pages occupied by compressor:                 222760.
Swapins:                                     5789055.
Swapouts:                                    7432653.
2026-10-05T08:34:42Z
vm.loadavg: { 7.22 6.62 6.43 }
vm.swapusage: total = 10240.00M  used = 8869.62M  free = 1370.38M  (encrypted)
Pages free:                                    15002.
Pages active:                                1716362.
Pages inactive:                              1706204.
Pages wired down:                             478699.
Pages occupied by compressor:                 222678.
Swapins:                                     5789059.
Swapouts:                                    7432653.
2026-10-05T08:34:47Z
vm.loadavg: { 7.44 6.68 6.45 }
vm.swapusage: total = 10240.00M  used = 8869.62M  free = 1370.38M  (encrypted)
Pages free:                                     6466.
Pages active:                                1733250.
Pages inactive:                              1727641.
Pages wired down:                             452229.
Pages occupied by compressor:                 220897.
Swapins:                                     5789286.
Swapouts:                                    7432653.
2026-10-05T08:34:52Z
vm.loadavg: { 8.21 6.85 6.51 }
vm.swapusage: total = 10240.00M  used = 8869.62M  free = 1370.38M  (encrypted)
Pages free:                                    36911.
Pages active:                                1712937.
Pages inactive:                              1712960.
Pages wired down:                             457701.
Pages occupied by compressor:                 226844.
Swapins:                                     5789294.
Swapouts:                                    7432653.
2026-10-05T08:34:57Z
vm.loadavg: { 7.79 6.78 6.49 }
vm.swapusage: total = 10240.00M  used = 8869.62M  free = 1370.38M  (encrypted)
Pages free:                                    50508.
Pages active:                                1698413.
Pages inactive:                              1696753.
Pages wired down:                             474696.
Pages occupied by compressor:                 226784.
Swapins:                                     5789423.
Swapouts:                                    7432653.
2026-10-05T08:35:02Z
vm.loadavg: { 7.73 6.79 6.49 }
vm.swapusage: total = 10240.00M  used = 8869.62M  free = 1370.38M  (encrypted)
Pages free:                                    36807.
Pages active:                                1707711.
Pages inactive:                              1706216.
Pages wired down:                             469917.
Pages occupied by compressor:                 226820.
Swapins:                                     5789431.
Swapouts:                                    7432653.
2026-10-05T08:35:07Z
vm.loadavg: { 7.27 6.71 6.46 }
vm.swapusage: total = 10240.00M  used = 8869.62M  free = 1370.38M  (encrypted)
Pages free:                                    61422.
Pages active:                                1691890.
Pages inactive:                              1702641.
Pages wired down:                             464636.
Pages occupied by compressor:                 226825.
Swapins:                                     5789455.
Swapouts:                                    7432653.
2026-10-05T08:35:12Z
vm.loadavg: { 7.25 6.71 6.47 }
vm.swapusage: total = 10240.00M  used = 8869.62M  free = 1370.38M  (encrypted)
Pages free:                                    61674.
Pages active:                                1696854.
Pages inactive:                              1695405.
Pages wired down:                             466591.
Pages occupied by compressor:                 226806.
Swapins:                                     5789455.
Swapouts:                                    7432653.
2026-10-05T08:35:17Z
vm.loadavg: { 7.15 6.70 6.46 }
vm.swapusage: total = 10240.00M  used = 8869.62M  free = 1370.38M  (encrypted)
Pages free:                                    37615.
Pages active:                                1687519.
Pages inactive:                              1689507.
Pages wired down:                             505900.
Pages occupied by compressor:                 226745.
Swapins:                                     5789475.
Swapouts:                                    7432653.
2026-10-05T08:35:22Z
vm.loadavg: { 7.37 6.75 6.48 }
vm.swapusage: total = 10240.00M  used = 8869.62M  free = 1370.38M  (encrypted)
Pages free:                                    71637.
Pages active:                                1704408.
Pages inactive:                              1702784.
Pages wired down:                             441838.
Pages occupied by compressor:                 226587.
Swapins:                                     5789475.
Swapouts:                                    7432653.
2026-10-05T08:35:27Z
vm.loadavg: { 7.34 6.76 6.49 }
vm.swapusage: total = 10240.00M  used = 8869.62M  free = 1370.38M  (encrypted)
Pages free:                                    73306.
Pages active:                                1694642.
Pages inactive:                              1697967.
Pages wired down:                             454521.
Pages occupied by compressor:                 226483.
Swapins:                                     5789475.
Swapouts:                                    7432653.
2026-10-05T08:35:32Z
vm.loadavg: { 7.08 6.71 6.47 }
vm.swapusage: total = 10240.00M  used = 8869.62M  free = 1370.38M  (encrypted)
Pages free:                                    71890.
Pages active:                                1705990.
Pages inactive:                              1694960.
Pages wired down:                             447537.
Pages occupied by compressor:                 226479.
Swapins:                                     5789503.
Swapouts:                                    7432653.
2026-10-05T08:35:38Z
vm.loadavg: { 7.15 6.73 6.48 }
vm.swapusage: total = 10240.00M  used = 8869.62M  free = 1370.38M  (encrypted)
Pages free:                                    71939.
Pages active:                                1697610.
Pages inactive:                              1698279.
Pages wired down:                             452542.
Pages occupied by compressor:                 226415.
Swapins:                                     5789503.
Swapouts:                                    7432653.
2026-10-05T08:35:43Z
vm.loadavg: { 7.38 6.79 6.50 }
vm.swapusage: total = 10240.00M  used = 8869.62M  free = 1370.38M  (encrypted)
Pages free:                                    42270.
Pages active:                                1706383.
Pages inactive:                              1704435.
Pages wired down:                             467143.
Pages occupied by compressor:                 226404.
Swapins:                                     5789503.
Swapouts:                                    7432653.
2026-10-05T08:35:48Z
vm.loadavg: { 7.75 6.87 6.53 }
vm.swapusage: total = 10240.00M  used = 8869.62M  free = 1370.38M  (encrypted)
Pages free:                                    53445.
Pages active:                                1710234.
Pages inactive:                              1708358.
Pages wired down:                             444733.
Pages occupied by compressor:                 226280.
Swapins:                                     5789591.
Swapouts:                                    7432653.
2026-10-05T08:35:53Z
vm.loadavg: { 7.53 6.84 6.52 }
vm.swapusage: total = 10240.00M  used = 8869.62M  free = 1370.38M  (encrypted)
Pages free:                                    58110.
Pages active:                                1707366.
Pages inactive:                              1702521.
Pages wired down:                             449114.
Pages occupied by compressor:                 226277.
Swapins:                                     5789591.
Swapouts:                                    7432653.
2026-10-05T08:35:58Z
vm.loadavg: { 7.73 6.90 6.54 }
vm.swapusage: total = 10240.00M  used = 8869.62M  free = 1370.38M  (encrypted)
Pages free:                                    57294.
Pages active:                                1705972.
Pages inactive:                              1702577.
Pages wired down:                             451130.
Pages occupied by compressor:                 226239.
Swapins:                                     5789595.
Swapouts:                                    7432653.
2026-10-05T08:36:03Z
vm.loadavg: { 7.51 6.86 6.53 }
vm.swapusage: total = 10240.00M  used = 8869.62M  free = 1370.38M  (encrypted)
Pages free:                                    11539.
Pages active:                                1732655.
Pages inactive:                              1722520.
Pages wired down:                             441983.
Pages occupied by compressor:                 234695.
Swapins:                                     5789599.
Swapouts:                                    7432653.
2026-10-05T08:36:08Z
vm.loadavg: { 7.31 6.83 6.53 }
vm.swapusage: total = 10240.00M  used = 8869.62M  free = 1370.38M  (encrypted)
Pages free:                                    27308.
Pages active:                                1716929.
Pages inactive:                              1736684.
Pages wired down:                             426294.
Pages occupied by compressor:                 235877.
Swapins:                                     5789611.
Swapouts:                                    7432653.
2026-10-05T08:36:13Z
vm.loadavg: { 7.52 6.88 6.55 }
vm.swapusage: total = 10240.00M  used = 8869.62M  free = 1370.38M  (encrypted)
Pages free:                                     9017.
Pages active:                                1698118.
Pages inactive:                              1695844.
Pages wired down:                             497066.
Pages occupied by compressor:                 246453.
Swapins:                                     5789656.
Swapouts:                                    7432653.
2026-10-05T08:36:18Z
vm.loadavg: { 8.28 7.05 6.61 }
vm.swapusage: total = 10240.00M  used = 8869.62M  free = 1370.38M  (encrypted)
Pages free:                                    29001.
Pages active:                                1689921.
Pages inactive:                              1690105.
Pages wired down:                             489970.
Pages occupied by compressor:                 247405.
Swapins:                                     5789656.
Swapouts:                                    7432653.
2026-10-05T08:36:23Z
vm.loadavg: { 8.42 7.10 6.63 }
vm.swapusage: total = 10240.00M  used = 8869.62M  free = 1370.38M  (encrypted)
Pages free:                                    87794.
Pages active:                                1708278.
Pages inactive:                              1714331.
Pages wired down:                             388520.
Pages occupied by compressor:                 247401.
Swapins:                                     5789656.
Swapouts:                                    7432653.
2026-10-05T08:36:28Z
vm.loadavg: { 7.82 7.00 6.59 }
vm.swapusage: total = 10240.00M  used = 8869.62M  free = 1370.38M  (encrypted)
Pages free:                                    69928.
Pages active:                                1683557.
Pages inactive:                              1683012.
Pages wired down:                             462313.
Pages occupied by compressor:                 247399.
Swapins:                                     5789656.
Swapouts:                                    7432653.
2026-10-05T08:36:33Z
vm.loadavg: { 7.44 6.93 6.57 }
vm.swapusage: total = 10240.00M  used = 8869.62M  free = 1370.38M  (encrypted)
Pages free:                                    61297.
Pages active:                                1694849.
Pages inactive:                              1692195.
Pages wired down:                             450439.
Pages occupied by compressor:                 247390.
Swapins:                                     5789656.
Swapouts:                                    7432653.
2026-10-05T08:36:38Z
vm.loadavg: { 7.08 6.87 6.55 }
vm.swapusage: total = 10240.00M  used = 8869.62M  free = 1370.38M  (encrypted)
Pages free:                                    34273.
Pages active:                                1696495.
Pages inactive:                              1700371.
Pages wired down:                             467584.
Pages occupied by compressor:                 247386.
Swapins:                                     5789660.
Swapouts:                                    7432653.
2026-10-05T08:36:43Z
vm.loadavg: { 7.07 6.87 6.55 }
vm.swapusage: total = 10240.00M  used = 8869.62M  free = 1370.38M  (encrypted)
Pages free:                                    63466.
Pages active:                                1692418.
Pages inactive:                              1688918.
Pages wired down:                             453861.
Pages occupied by compressor:                 247385.
Swapins:                                     5789660.
Swapouts:                                    7432653.
2026-10-05T08:36:48Z
vm.loadavg: { 7.07 6.87 6.56 }
vm.swapusage: total = 10240.00M  used = 8869.62M  free = 1370.38M  (encrypted)
Pages free:                                    76083.
Pages active:                                1690188.
Pages inactive:                              1687725.
Pages wired down:                             444387.
Pages occupied by compressor:                 247383.
Swapins:                                     5789660.
Swapouts:                                    7432653.
2026-10-05T08:36:53Z
vm.loadavg: { 6.66 6.79 6.53 }
vm.swapusage: total = 10240.00M  used = 8869.62M  free = 1370.38M  (encrypted)
Pages free:                                    61276.
Pages active:                                1691477.
Pages inactive:                              1688430.
Pages wired down:                             457174.
Pages occupied by compressor:                 247367.
Swapins:                                     5789660.
Swapouts:                                    7432653.
2026-10-05T08:36:58Z
vm.loadavg: { 6.29 6.71 6.50 }
vm.swapusage: total = 10240.00M  used = 8869.62M  free = 1370.38M  (encrypted)
Pages free:                                    83508.
Pages active:                                1690376.
Pages inactive:                              1687482.
Pages wired down:                             436957.
Pages occupied by compressor:                 247365.
Swapins:                                     5789660.
Swapouts:                                    7432653.
2026-10-05T08:37:03Z
vm.loadavg: { 6.35 6.71 6.50 }
vm.swapusage: total = 10240.00M  used = 8869.62M  free = 1370.38M  (encrypted)
Pages free:                                    69048.
Pages active:                                1700428.
Pages inactive:                              1697775.
Pages wired down:                             431179.
Pages occupied by compressor:                 247210.
Swapins:                                     5789664.
Swapouts:                                    7432653.
2026-10-05T08:37:08Z
vm.loadavg: { 6.32 6.70 6.50 }
vm.swapusage: total = 10240.00M  used = 8869.62M  free = 1370.38M  (encrypted)
Pages free:                                    69392.
Pages active:                                1702681.
Pages inactive:                              1701831.
Pages wired down:                             424535.
Pages occupied by compressor:                 247157.
Swapins:                                     5789664.
Swapouts:                                    7432653.
2026-10-05T08:37:13Z
vm.loadavg: { 6.69 6.77 6.53 }
vm.swapusage: total = 10240.00M  used = 8869.62M  free = 1370.38M  (encrypted)
Pages free:                                    89443.
Pages active:                                1682911.
Pages inactive:                              1681767.
Pages wired down:                             444784.
Pages occupied by compressor:                 246643.
Swapins:                                     5789820.
Swapouts:                                    7432653.
2026-10-05T08:37:18Z
vm.loadavg: { 6.32 6.69 6.50 }
vm.swapusage: total = 10240.00M  used = 8869.62M  free = 1370.38M  (encrypted)
Pages free:                                    28166.
Pages active:                                1685184.
Pages inactive:                              1682850.
Pages wired down:                             502734.
Pages occupied by compressor:                 246592.
Swapins:                                     5789820.
Swapouts:                                    7432653.
2026-10-05T08:37:23Z
vm.loadavg: { 5.97 6.62 6.47 }
vm.swapusage: total = 10240.00M  used = 8869.62M  free = 1370.38M  (encrypted)
Pages free:                                    36504.
Pages active:                                1685438.
Pages inactive:                              1692596.
Pages wired down:                             484398.
Pages occupied by compressor:                 246579.
Swapins:                                     5789820.
Swapouts:                                    7432653.
2026-10-05T08:37:28Z
vm.loadavg: { 6.53 6.72 6.51 }
vm.swapusage: total = 10240.00M  used = 8869.62M  free = 1370.38M  (encrypted)
Pages free:                                    33074.
Pages active:                                1687353.
Pages inactive:                              1685850.
Pages wired down:                             492621.
Pages occupied by compressor:                 246565.
Swapins:                                     5789820.
Swapouts:                                    7432653.
2026-10-05T08:37:33Z
vm.loadavg: { 6.41 6.69 6.50 }
vm.swapusage: total = 10240.00M  used = 8869.62M  free = 1370.38M  (encrypted)
Pages free:                                    17295.
Pages active:                                1683814.
Pages inactive:                              1681730.
Pages wired down:                             514438.
Pages occupied by compressor:                 246549.
Swapins:                                     5789820.
Swapouts:                                    7432653.
2026-10-05T08:37:38Z
vm.loadavg: { 6.14 6.63 6.48 }
vm.swapusage: total = 10240.00M  used = 8869.62M  free = 1370.38M  (encrypted)
Pages free:                                    38238.
Pages active:                                1694961.
Pages inactive:                              1695299.
Pages wired down:                             470017.
Pages occupied by compressor:                 246523.
Swapins:                                     5789820.
Swapouts:                                    7432653.
2026-10-05T08:37:43Z
vm.loadavg: { 6.21 6.64 6.48 }
vm.swapusage: total = 10240.00M  used = 8869.62M  free = 1370.38M  (encrypted)
Pages free:                                    36722.
Pages active:                                1696744.
Pages inactive:                              1692437.
Pages wired down:                             472584.
Pages occupied by compressor:                 246521.
Swapins:                                     5789820.
Swapouts:                                    7432653.
2026-10-05T08:37:48Z
vm.loadavg: { 6.35 6.66 6.49 }
vm.swapusage: total = 10240.00M  used = 8869.62M  free = 1370.38M  (encrypted)
Pages free:                                    43267.
Pages active:                                1703494.
Pages inactive:                              1702399.
Pages wired down:                             451721.
Pages occupied by compressor:                 246491.
Swapins:                                     5789820.
Swapouts:                                    7432653.
2026-10-05T08:37:53Z
vm.loadavg: { 6.24 6.63 6.48 }
vm.swapusage: total = 10240.00M  used = 8869.62M  free = 1370.38M  (encrypted)
Pages free:                                    13692.
Pages active:                                1692634.
Pages inactive:                              1691312.
Pages wired down:                             503215.
Pages occupied by compressor:                 246490.
Swapins:                                     5789820.
Swapouts:                                    7432653.
2026-10-05T08:37:58Z
vm.loadavg: { 6.30 6.64 6.49 }
vm.swapusage: total = 10240.00M  used = 8869.62M  free = 1370.38M  (encrypted)
Pages free:                                    25624.
Pages active:                                1691630.
Pages inactive:                              1690636.
Pages wired down:                             493164.
Pages occupied by compressor:                 246485.
Swapins:                                     5789820.
Swapouts:                                    7432653.
2026-10-05T08:38:03Z
vm.loadavg: { 6.12 6.59 6.47 }
vm.swapusage: total = 10240.00M  used = 8869.62M  free = 1370.38M  (encrypted)
Pages free:                                     5420.
Pages active:                                1656824.
Pages inactive:                              1648956.
Pages wired down:                             550962.
Pages occupied by compressor:                 278925.
Swapins:                                     5789820.
Swapouts:                                    7432653.
2026-10-05T08:38:08Z
vm.loadavg: { 6.59 6.68 6.50 }
vm.swapusage: total = 10240.00M  used = 8869.62M  free = 1370.38M  (encrypted)
Pages free:                                    38419.
Pages active:                                1531000.
Pages inactive:                              1524602.
Pages wired down:                             738149.
Pages occupied by compressor:                 309704.
Swapins:                                     5789820.
Swapouts:                                    7432653.
2026-10-05T08:38:13Z
vm.loadavg: { 6.46 6.66 6.50 }
vm.swapusage: total = 10240.00M  used = 8869.62M  free = 1370.38M  (encrypted)
Pages free:                                    47339.
Pages active:                                1544704.
Pages inactive:                              1537149.
Pages wired down:                             703211.
Pages occupied by compressor:                 309399.
Swapins:                                     5789840.
Swapouts:                                    7432653.
2026-10-05T08:38:18Z
vm.loadavg: { 6.50 6.66 6.50 }
vm.swapusage: total = 10240.00M  used = 8869.62M  free = 1370.38M  (encrypted)
Pages free:                                    70373.
Pages active:                                1525682.
Pages inactive:                              1533006.
Pages wired down:                             703198.
Pages occupied by compressor:                 309331.
Swapins:                                     5789840.
Swapouts:                                    7432653.
2026-10-05T08:38:23Z
vm.loadavg: { 6.62 6.68 6.51 }
vm.swapusage: total = 10240.00M  used = 8869.62M  free = 1370.38M  (encrypted)
Pages free:                                    27552.
Pages active:                                1507914.
Pages inactive:                              1505847.
Pages wired down:                             782281.
Pages occupied by compressor:                 322471.
Swapins:                                     5789840.
Swapouts:                                    7432653.
2026-10-05T08:38:28Z
vm.loadavg: { 7.21 6.80 6.55 }
vm.swapusage: total = 10240.00M  used = 8869.62M  free = 1370.38M  (encrypted)
Pages free:                                   351293.
Pages active:                                1382137.
Pages inactive:                              1379398.
Pages wired down:                             690314.
Pages occupied by compressor:                 342893.
Swapins:                                     5789840.
Swapouts:                                    7432653.
2026-10-05T08:38:33Z
vm.loadavg: { 7.12 6.79 6.55 }
vm.swapusage: total = 10240.00M  used = 8869.62M  free = 1370.38M  (encrypted)
Pages free:                                   341112.
Pages active:                                1380698.
Pages inactive:                              1378043.
Pages wired down:                             705079.
Pages occupied by compressor:                 341064.
Swapins:                                     5789840.
Swapouts:                                    7432653.
2026-10-05T08:38:38Z
vm.loadavg: { 6.87 6.74 6.53 }
vm.swapusage: total = 10240.00M  used = 8869.62M  free = 1370.38M  (encrypted)
Pages free:                                   323345.
Pages active:                                1380303.
Pages inactive:                              1377407.
Pages wired down:                             725268.
Pages occupied by compressor:                 339538.
Swapins:                                     5789840.
Swapouts:                                    7432653.
2026-10-05T08:38:43Z
vm.loadavg: { 6.96 6.76 6.54 }
vm.swapusage: total = 10240.00M  used = 8861.62M  free = 1378.38M  (encrypted)
Pages free:                                   238743.
Pages active:                                1425164.
Pages inactive:                              1435332.
Pages wired down:                             708498.
Pages occupied by compressor:                 335642.
Swapins:                                     5790224.
Swapouts:                                    7432653.
2026-10-05T08:38:48Z
vm.loadavg: { 6.64 6.70 6.52 }
vm.swapusage: total = 10240.00M  used = 8861.62M  free = 1378.38M  (encrypted)
Pages free:                                   245634.
Pages active:                                1420608.
Pages inactive:                              1430959.
Pages wired down:                             710890.
Pages occupied by compressor:                 335064.
Swapins:                                     5790266.
Swapouts:                                    7432653.
2026-10-05T08:38:53Z
vm.loadavg: { 6.35 6.64 6.50 }
vm.swapusage: total = 10240.00M  used = 8861.62M  free = 1378.38M  (encrypted)
Pages free:                                   200226.
Pages active:                                1440262.
Pages inactive:                              1434260.
Pages wired down:                             733584.
Pages occupied by compressor:                 334308.
Swapins:                                     5790266.
Swapouts:                                    7432653.
2026-10-05T08:38:58Z
vm.loadavg: { 6.56 6.68 6.51 }
vm.swapusage: total = 10240.00M  used = 8861.62M  free = 1378.38M  (encrypted)
Pages free:                                   188938.
Pages active:                                1440840.
Pages inactive:                              1437547.
Pages wired down:                             741189.
Pages occupied by compressor:                 333971.
Swapins:                                     5790266.
Swapouts:                                    7432653.
2026-10-05T08:39:03Z
vm.loadavg: { 6.52 6.67 6.51 }
vm.swapusage: total = 10240.00M  used = 8861.62M  free = 1378.38M  (encrypted)
Pages free:                                   144339.
Pages active:                                1466323.
Pages inactive:                              1459881.
Pages wired down:                             746047.
Pages occupied by compressor:                 325854.
Swapins:                                     5790292.
Swapouts:                                    7432653.
2026-10-05T08:39:08Z
vm.loadavg: { 6.79 6.72 6.53 }
vm.swapusage: total = 10240.00M  used = 8853.62M  free = 1386.38M  (encrypted)
Pages free:                                   136470.
Pages active:                                1463435.
Pages inactive:                              1459154.
Pages wired down:                             758176.
Pages occupied by compressor:                 324990.
Swapins:                                     5790400.
Swapouts:                                    7432653.
2026-10-05T08:39:14Z
vm.loadavg: { 6.73 6.71 6.53 }
vm.swapusage: total = 10240.00M  used = 8853.62M  free = 1386.38M  (encrypted)
Pages free:                                   122193.
Pages active:                                1478076.
Pages inactive:                              1470807.
Pages wired down:                             751975.
Pages occupied by compressor:                 319120.
Swapins:                                     5790412.
Swapouts:                                    7432653.
2026-10-05T08:39:19Z
vm.loadavg: { 6.83 6.73 6.53 }
vm.swapusage: total = 10240.00M  used = 8853.62M  free = 1386.38M  (encrypted)
Pages free:                                   113572.
Pages active:                                1485409.
Pages inactive:                              1470661.
Pages wired down:                             753724.
Pages occupied by compressor:                 318030.
Swapins:                                     5790412.
Swapouts:                                    7432653.
2026-10-05T08:39:24Z
vm.loadavg: { 6.68 6.70 6.52 }
vm.swapusage: total = 10240.00M  used = 8853.62M  free = 1386.38M  (encrypted)
Pages free:                                   111355.
Pages active:                                1482192.
Pages inactive:                              1476463.
Pages wired down:                             754269.
Pages occupied by compressor:                 317136.
Swapins:                                     5790412.
Swapouts:                                    7432653.
2026-10-05T08:39:29Z
vm.loadavg: { 6.39 6.64 6.50 }
vm.swapusage: total = 10240.00M  used = 8853.62M  free = 1386.38M  (encrypted)
Pages free:                                   104507.
Pages active:                                1489875.
Pages inactive:                              1482349.
Pages wired down:                             747895.
Pages occupied by compressor:                 316772.
Swapins:                                     5790427.
Swapouts:                                    7432653.
2026-10-05T08:39:34Z
vm.loadavg: { 6.28 6.61 6.49 }
vm.swapusage: total = 10240.00M  used = 8853.62M  free = 1386.38M  (encrypted)
Pages free:                                   124032.
Pages active:                                1491666.
Pages inactive:                              1485060.
Pages wired down:                             724098.
Pages occupied by compressor:                 316525.
Swapins:                                     5790427.
Swapouts:                                    7432653.
2026-10-05T08:39:39Z
vm.loadavg: { 6.42 6.64 6.50 }
vm.swapusage: total = 10240.00M  used = 8853.62M  free = 1386.38M  (encrypted)
Pages free:                                   136976.
Pages active:                                1490300.
Pages inactive:                              1487495.
Pages wired down:                             710311.
Pages occupied by compressor:                 315803.
Swapins:                                     5790431.
Swapouts:                                    7432653.
2026-10-05T08:39:44Z
vm.loadavg: { 6.78 6.71 6.53 }
vm.swapusage: total = 10240.00M  used = 8853.62M  free = 1386.38M  (encrypted)
Pages free:                                   116500.
Pages active:                                1475232.
Pages inactive:                              1467236.
Pages wired down:                             768852.
Pages occupied by compressor:                 313060.
Swapins:                                     5790431.
Swapouts:                                    7432653.
2026-10-05T08:39:49Z
vm.loadavg: { 6.72 6.70 6.53 }
vm.swapusage: total = 10240.00M  used = 8853.62M  free = 1386.38M  (encrypted)
Pages free:                                   107295.
Pages active:                                1489475.
Pages inactive:                              1481454.
Pages wired down:                             749060.
Pages occupied by compressor:                 311886.
Swapins:                                     5790431.
Swapouts:                                    7432653.
2026-10-05T08:39:54Z
vm.loadavg: { 6.58 6.67 6.52 }
vm.swapusage: total = 10240.00M  used = 8853.62M  free = 1386.38M  (encrypted)
Pages free:                                    89657.
Pages active:                                1496148.
Pages inactive:                              1485363.
Pages wired down:                             753519.
Pages occupied by compressor:                 311760.
Swapins:                                     5790431.
Swapouts:                                    7432653.
2026-10-05T08:39:59Z
vm.loadavg: { 6.37 6.62 6.50 }
vm.swapusage: total = 10240.00M  used = 8853.62M  free = 1386.38M  (encrypted)
Pages free:                                   155222.
Pages active:                                1454903.
Pages inactive:                              1475606.
Pages wired down:                             743729.
Pages occupied by compressor:                 306976.
Swapins:                                     5790431.
Swapouts:                                    7432653.
2026-10-05T08:40:04Z
vm.loadavg: { 6.34 6.61 6.50 }
vm.swapusage: total = 10240.00M  used = 8853.62M  free = 1386.38M  (encrypted)
Pages free:                                   156123.
Pages active:                                1468907.
Pages inactive:                              1469004.
Pages wired down:                             736802.
Pages occupied by compressor:                 305585.
Swapins:                                     5790435.
Swapouts:                                    7432653.
2026-10-05T08:40:09Z
vm.loadavg: { 6.60 6.66 6.52 }
vm.swapusage: total = 10240.00M  used = 8853.62M  free = 1386.38M  (encrypted)
Pages free:                                   137706.
Pages active:                                1476369.
Pages inactive:                              1479891.
Pages wired down:                             737034.
Pages occupied by compressor:                 305414.
Swapins:                                     5790439.
Swapouts:                                    7432653.
2026-10-05T08:40:14Z
vm.loadavg: { 6.96 6.73 6.54 }
vm.swapusage: total = 10240.00M  used = 8853.62M  free = 1386.38M  (encrypted)
Pages free:                                   141247.
Pages active:                                1478203.
Pages inactive:                              1476588.
Pages wired down:                             735750.
Pages occupied by compressor:                 304620.
Swapins:                                     5790439.
Swapouts:                                    7432653.
2026-10-05T08:40:19Z
vm.loadavg: { 6.72 6.69 6.53 }
vm.swapusage: total = 10240.00M  used = 8853.62M  free = 1386.38M  (encrypted)
Pages free:                                   142316.
Pages active:                                1476232.
Pages inactive:                              1474761.
Pages wired down:                             738544.
Pages occupied by compressor:                 304549.
Swapins:                                     5790439.
Swapouts:                                    7432653.
2026-10-05T08:40:24Z
vm.loadavg: { 6.90 6.72 6.54 }
vm.swapusage: total = 10240.00M  used = 8853.62M  free = 1386.38M  (encrypted)
Pages free:                                   149476.
Pages active:                                1471620.
Pages inactive:                              1475527.
Pages wired down:                             734667.
Pages occupied by compressor:                 304459.
Swapins:                                     5790439.
Swapouts:                                    7432653.
2026-10-05T08:40:29Z
vm.loadavg: { 7.39 6.83 6.58 }
vm.swapusage: total = 10240.00M  used = 8853.62M  free = 1386.38M  (encrypted)
Pages free:                                   136008.
Pages active:                                1481789.
Pages inactive:                              1474520.
Pages wired down:                             741243.
Pages occupied by compressor:                 302186.
Swapins:                                     5790443.
Swapouts:                                    7432653.
2026-10-05T08:40:34Z
vm.loadavg: { 7.28 6.81 6.57 }
vm.swapusage: total = 10240.00M  used = 8853.62M  free = 1386.38M  (encrypted)
Pages free:                                   137599.
Pages active:                                1482576.
Pages inactive:                              1474473.
Pages wired down:                             738955.
Pages occupied by compressor:                 302130.
Swapins:                                     5790447.
Swapouts:                                    7432653.
2026-10-05T08:40:39Z
vm.loadavg: { 7.10 6.78 6.56 }
vm.swapusage: total = 10240.00M  used = 8853.62M  free = 1386.38M  (encrypted)
Pages free:                                   134047.
Pages active:                                1486164.
Pages inactive:                              1476709.
Pages wired down:                             737092.
Pages occupied by compressor:                 301674.
Swapins:                                     5790447.
Swapouts:                                    7432653.
2026-10-05T08:40:44Z
vm.loadavg: { 7.25 6.82 6.58 }
vm.swapusage: total = 10240.00M  used = 8853.62M  free = 1386.38M  (encrypted)
Pages free:                                   128691.
Pages active:                                1486526.
Pages inactive:                              1472906.
Pages wired down:                             745794.
Pages occupied by compressor:                 301263.
Swapins:                                     5790447.
Swapouts:                                    7432653.
2026-10-05T08:40:49Z
vm.loadavg: { 6.67 6.71 6.54 }
vm.swapusage: total = 10240.00M  used = 8845.62M  free = 1394.38M  (encrypted)
Pages free:                                   113592.
Pages active:                                1495622.
Pages inactive:                              1480053.
Pages wired down:                             742206.
Pages occupied by compressor:                 301520.
Swapins:                                     5791223.
Swapouts:                                    7432653.
2026-10-05T08:40:54Z
vm.loadavg: { 6.53 6.68 6.53 }
vm.swapusage: total = 10240.00M  used = 8845.62M  free = 1394.38M  (encrypted)
Pages free:                                   110161.
Pages active:                                1477158.
Pages inactive:                              1502666.
Pages wired down:                             741528.
Pages occupied by compressor:                 301474.
Swapins:                                     5791223.
Swapouts:                                    7432653.
2026-10-05T08:40:59Z
vm.loadavg: { 6.33 6.63 6.52 }
vm.swapusage: total = 10240.00M  used = 8845.62M  free = 1394.38M  (encrypted)
Pages free:                                   122064.
Pages active:                                1471641.
Pages inactive:                              1492153.
Pages wired down:                             745663.
Pages occupied by compressor:                 301454.
Swapins:                                     5791223.
Swapouts:                                    7432653.
2026-10-05T08:41:04Z
vm.loadavg: { 6.06 6.57 6.50 }
vm.swapusage: total = 10240.00M  used = 8845.62M  free = 1394.38M  (encrypted)
Pages free:                                   106252.
Pages active:                                1491046.
Pages inactive:                              1493876.
Pages wired down:                             741547.
Pages occupied by compressor:                 300248.
Swapins:                                     5791223.
Swapouts:                                    7432653.
2026-10-05T08:41:09Z
vm.loadavg: { 6.14 6.58 6.50 }
vm.swapusage: total = 10240.00M  used = 8845.62M  free = 1394.38M  (encrypted)
Pages free:                                   114768.
Pages active:                                1496587.
Pages inactive:                              1493195.
Pages wired down:                             728623.
Pages occupied by compressor:                 299786.
Swapins:                                     5791227.
Swapouts:                                    7432653.
2026-10-05T08:41:14Z
vm.loadavg: { 6.05 6.55 6.49 }
vm.swapusage: total = 10240.00M  used = 8845.62M  free = 1394.38M  (encrypted)
Pages free:                                   119280.
Pages active:                                1633717.
Pages inactive:                              1618061.
Pages wired down:                             462384.
Pages occupied by compressor:                 299495.
Swapins:                                     5791227.
Swapouts:                                    7432653.
2026-10-05T08:41:19Z
vm.loadavg: { 5.80 6.49 6.47 }
vm.swapusage: total = 10240.00M  used = 8845.62M  free = 1394.38M  (encrypted)
Pages free:                                   120565.
Pages active:                                1631591.
Pages inactive:                              1616587.
Pages wired down:                             464838.
Pages occupied by compressor:                 299333.
Swapins:                                     5791227.
Swapouts:                                    7432653.
2026-10-05T08:41:24Z
vm.loadavg: { 6.14 6.55 6.49 }
vm.swapusage: total = 10240.00M  used = 8845.62M  free = 1394.38M  (encrypted)
Pages free:                                   129326.
Pages active:                                1627186.
Pages inactive:                              1613086.
Pages wired down:                             463988.
Pages occupied by compressor:                 299326.
Swapins:                                     5791227.
Swapouts:                                    7432653.
2026-10-05T08:41:29Z
vm.loadavg: { 5.81 6.48 6.46 }
vm.swapusage: total = 10240.00M  used = 8845.62M  free = 1394.38M  (encrypted)
Pages free:                                   123800.
Pages active:                                1631852.
Pages inactive:                              1615764.
Pages wired down:                             462230.
Pages occupied by compressor:                 299104.
Swapins:                                     5791282.
Swapouts:                                    7432653.
2026-10-05T08:41:34Z
vm.loadavg: { 5.66 6.43 6.45 }
vm.swapusage: total = 10240.00M  used = 8845.62M  free = 1394.38M  (encrypted)
Pages free:                                   127124.
Pages active:                                1614931.
Pages inactive:                              1607844.
Pages wired down:                             483782.
Pages occupied by compressor:                 299065.
Swapins:                                     5791301.
Swapouts:                                    7432653.
2026-10-05T08:41:39Z
vm.loadavg: { 5.77 6.44 6.45 }
vm.swapusage: total = 10240.00M  used = 8845.62M  free = 1394.38M  (encrypted)
Pages free:                                   120070.
Pages active:                                1629282.
Pages inactive:                              1613235.
Pages wired down:                             470609.
Pages occupied by compressor:                 299030.
Swapins:                                     5791329.
Swapouts:                                    7432653.
2026-10-05T08:41:44Z
vm.loadavg: { 5.55 6.39 6.43 }
vm.swapusage: total = 10240.00M  used = 8845.62M  free = 1394.38M  (encrypted)
Pages free:                                   117922.
Pages active:                                1636962.
Pages inactive:                              1620893.
Pages wired down:                             457416.
Pages occupied by compressor:                 299025.
Swapins:                                     5791329.
Swapouts:                                    7432653.
2026-10-05T08:41:49Z
vm.loadavg: { 5.18 6.30 6.40 }
vm.swapusage: total = 10240.00M  used = 8845.62M  free = 1394.38M  (encrypted)
Pages free:                                   126577.
Pages active:                                1630604.
Pages inactive:                              1614646.
Pages wired down:                             461719.
Pages occupied by compressor:                 298652.
Swapins:                                     5791329.
Swapouts:                                    7432653.
2026-10-05T08:41:54Z
vm.loadavg: { 5.33 6.31 6.40 }
vm.swapusage: total = 10240.00M  used = 8845.62M  free = 1394.38M  (encrypted)
Pages free:                                   125635.
Pages active:                                1630520.
Pages inactive:                              1618212.
Pages wired down:                             459180.
Pages occupied by compressor:                 298645.
Swapins:                                     5791329.
Swapouts:                                    7432653.
2026-10-05T08:41:59Z
vm.loadavg: { 5.22 6.27 6.39 }
vm.swapusage: total = 10240.00M  used = 8845.62M  free = 1394.38M  (encrypted)
Pages free:                                   120622.
Pages active:                                1629015.
Pages inactive:                              1619440.
Pages wired down:                             464624.
Pages occupied by compressor:                 298469.
Swapins:                                     5791329.
Swapouts:                                    7432653.
2026-10-05T08:42:04Z
vm.loadavg: { 5.12 6.23 6.37 }
vm.swapusage: total = 10240.00M  used = 8845.62M  free = 1394.38M  (encrypted)
Pages free:                                   107708.
Pages active:                                1637115.
Pages inactive:                              1627744.
Pages wired down:                             461196.
Pages occupied by compressor:                 298402.
Swapins:                                     5791329.
Swapouts:                                    7432653.
2026-10-05T08:42:09Z
vm.loadavg: { 4.95 6.18 6.35 }
vm.swapusage: total = 10240.00M  used = 8845.62M  free = 1394.38M  (encrypted)
Pages free:                                   111075.
Pages active:                                1635258.
Pages inactive:                              1625311.
Pages wired down:                             462117.
Pages occupied by compressor:                 298393.
Swapins:                                     5791336.
Swapouts:                                    7432653.
2026-10-05T08:42:15Z
vm.loadavg: { 4.88 6.14 6.34 }
vm.swapusage: total = 10240.00M  used = 8845.62M  free = 1394.38M  (encrypted)
Pages free:                                   108743.
Pages active:                                1638507.
Pages inactive:                              1623029.
Pages wired down:                             463627.
Pages occupied by compressor:                 298248.
Swapins:                                     5791336.
Swapouts:                                    7432653.
2026-10-05T08:42:20Z
vm.loadavg: { 4.97 6.14 6.34 }
vm.swapusage: total = 10240.00M  used = 8845.62M  free = 1394.38M  (encrypted)
Pages free:                                   115345.
Pages active:                                1630879.
Pages inactive:                              1621893.
Pages wired down:                             465426.
Pages occupied by compressor:                 298244.
Swapins:                                     5791336.
Swapouts:                                    7432653.
2026-10-05T08:42:25Z
vm.loadavg: { 4.65 6.05 6.31 }
vm.swapusage: total = 10240.00M  used = 8845.62M  free = 1394.38M  (encrypted)
Pages free:                                   114683.
Pages active:                                1633334.
Pages inactive:                              1622314.
Pages wired down:                             463215.
Pages occupied by compressor:                 298241.
Swapins:                                     5791336.
Swapouts:                                    7432653.
2026-10-05T08:42:30Z
vm.loadavg: { 8.44 6.81 6.57 }
vm.swapusage: total = 10240.00M  used = 8845.62M  free = 1394.38M  (encrypted)
Pages free:                                    76270.
Pages active:                                1649323.
Pages inactive:                              1636990.
Pages wired down:                             470854.
Pages occupied by compressor:                 298104.
Swapins:                                     5791336.
Swapouts:                                    7432653.
2026-10-05T08:42:35Z
vm.loadavg: { 9.29 7.02 6.65 }
vm.swapusage: total = 10240.00M  used = 8845.62M  free = 1394.38M  (encrypted)
Pages free:                                    68401.
Pages active:                                1643698.
Pages inactive:                              1636627.
Pages wired down:                             482696.
Pages occupied by compressor:                 297854.
Swapins:                                     5791336.
Swapouts:                                    7432653.
2026-10-05T08:42:40Z
vm.loadavg: { 10.78 7.37 6.77 }
vm.swapusage: total = 10240.00M  used = 8845.62M  free = 1394.38M  (encrypted)
Pages free:                                    62294.
Pages active:                                1666360.
Pages inactive:                              1646496.
Pages wired down:                             456841.
Pages occupied by compressor:                 297118.
Swapins:                                     5791339.
Swapouts:                                    7432653.
2026-10-05T08:42:45Z
vm.loadavg: { 12.48 7.77 6.92 }
vm.swapusage: total = 10240.00M  used = 8845.62M  free = 1394.38M  (encrypted)
Pages free:                                    53179.
Pages active:                                1666896.
Pages inactive:                              1647720.
Pages wired down:                             464237.
Pages occupied by compressor:                 297035.
Swapins:                                     5791358.
Swapouts:                                    7432653.
2026-10-05T08:42:50Z
vm.loadavg: { 15.49 8.47 7.17 }
vm.swapusage: total = 10240.00M  used = 8845.62M  free = 1394.38M  (encrypted)
Pages free:                                   111948.
Pages active:                                1614055.
Pages inactive:                              1646292.
Pages wired down:                             459922.
Pages occupied by compressor:                 296954.
Swapins:                                     5791366.
Swapouts:                                    7432653.
2026-10-05T08:42:55Z
vm.loadavg: { 18.65 9.25 7.45 }
vm.swapusage: total = 10240.00M  used = 8845.62M  free = 1394.38M  (encrypted)
Pages free:                                   147606.
Pages active:                                1604022.
Pages inactive:                              1620541.
Pages wired down:                             462053.
Pages occupied by compressor:                 296886.
Swapins:                                     5791376.
Swapouts:                                    7432653.
2026-10-05T08:43:00Z
vm.loadavg: { 20.36 9.76 7.64 }
vm.swapusage: total = 10240.00M  used = 8845.62M  free = 1394.38M  (encrypted)
Pages free:                                   152224.
Pages active:                                1591699.
Pages inactive:                              1605265.
Pages wired down:                             486819.
Pages occupied by compressor:                 296843.
Swapins:                                     5791392.
Swapouts:                                    7432653.
2026-10-05T08:43:05Z
vm.loadavg: { 22.17 10.31 7.85 }
vm.swapusage: total = 10240.00M  used = 8845.62M  free = 1394.38M  (encrypted)
Pages free:                                   430520.
Pages active:                                1477074.
Pages inactive:                              1463841.
Pages wired down:                             468603.
Pages occupied by compressor:                 295642.
Swapins:                                     5791613.
Swapouts:                                    7432653.
2026-10-05T08:43:10Z
vm.loadavg: { 24.56 11.00 8.11 }
vm.swapusage: total = 10240.00M  used = 8845.62M  free = 1394.38M  (encrypted)
Pages free:                                   439797.
Pages active:                                1473061.
Pages inactive:                              1459175.
Pages wired down:                             466750.
Pages occupied by compressor:                 295541.
Swapins:                                     5791617.
Swapouts:                                    7432653.
2026-10-05T08:43:15Z
vm.loadavg: { 25.64 11.45 8.28 }
vm.swapusage: total = 10240.00M  used = 8845.62M  free = 1394.38M  (encrypted)
Pages free:                                   423885.
Pages active:                                1480720.
Pages inactive:                              1466008.
Pages wired down:                             467634.
Pages occupied by compressor:                 295467.
Swapins:                                     5791621.
Swapouts:                                    7432653.
2026-10-05T08:43:20Z
vm.loadavg: { 24.54 11.46 8.30 }
vm.swapusage: total = 10240.00M  used = 8845.62M  free = 1394.38M  (encrypted)
Pages free:                                   424013.
Pages active:                                1474399.
Pages inactive:                              1459647.
Pages wired down:                             479014.
Pages occupied by compressor:                 295437.
Swapins:                                     5791625.
Swapouts:                                    7432653.
2026-10-05T08:43:25Z
vm.loadavg: { 24.98 11.76 8.43 }
vm.swapusage: total = 10240.00M  used = 8829.62M  free = 1410.38M  (encrypted)
Pages free:                                   411392.
Pages active:                                1493411.
Pages inactive:                              1476768.
Pages wired down:                             455696.
Pages occupied by compressor:                 295014.
Swapins:                                     5792405.
Swapouts:                                    7432653.
2026-10-05T08:43:30Z
vm.loadavg: { 24.82 11.95 8.51 }
vm.swapusage: total = 10240.00M  used = 8829.62M  free = 1410.38M  (encrypted)
Pages free:                                   412986.
Pages active:                                1475593.
Pages inactive:                              1470298.
Pages wired down:                             478182.
Pages occupied by compressor:                 294946.
Swapins:                                     5792519.
Swapouts:                                    7432653.
2026-10-05T08:43:35Z
vm.loadavg: { 25.56 12.32 8.66 }
vm.swapusage: total = 10240.00M  used = 8829.62M  free = 1410.38M  (encrypted)
Pages free:                                   398921.
Pages active:                                1495631.
Pages inactive:                              1479245.
Pages wired down:                             463160.
Pages occupied by compressor:                 294935.
Swapins:                                     5792519.
Swapouts:                                    7432653.
2026-10-05T08:43:40Z
vm.loadavg: { 25.75 12.58 8.78 }
vm.swapusage: total = 10240.00M  used = 8821.62M  free = 1418.38M  (encrypted)
Pages free:                                   373798.
Pages active:                                1506681.
Pages inactive:                              1489122.
Pages wired down:                             467637.
Pages occupied by compressor:                 294222.
Swapins:                                     5792717.
Swapouts:                                    7432653.
2026-10-05T08:43:45Z
vm.loadavg: { 26.17 12.88 8.91 }
vm.swapusage: total = 10240.00M  used = 8813.62M  free = 1426.38M  (encrypted)
Pages free:                                   313920.
Pages active:                                1530115.
Pages inactive:                              1509327.
Pages wired down:                             480345.
Pages occupied by compressor:                 294087.
Swapins:                                     5793185.
Swapouts:                                    7432653.
2026-10-05T08:43:50Z
vm.loadavg: { 27.76 13.43 9.12 }
vm.swapusage: total = 10240.00M  used = 8813.62M  free = 1426.38M  (encrypted)
Pages free:                                   307717.
Pages active:                                1534107.
Pages inactive:                              1510184.
Pages wired down:                             478555.
Pages occupied by compressor:                 294042.
Swapins:                                     5793185.
Swapouts:                                    7432653.
2026-10-05T08:43:55Z
vm.loadavg: { 28.02 13.72 9.25 }
vm.swapusage: total = 10240.00M  used = 8813.62M  free = 1426.38M  (encrypted)
Pages free:                                   307977.
Pages active:                                1527837.
Pages inactive:                              1512498.
Pages wired down:                             481892.
Pages occupied by compressor:                 294029.
Swapins:                                     5793185.
Swapouts:                                    7432653.
2026-10-05T08:44:00Z
vm.loadavg: { 28.42 14.04 9.39 }
vm.swapusage: total = 10240.00M  used = 8813.62M  free = 1426.38M  (encrypted)
Pages free:                                   223636.
Pages active:                                1571345.
Pages inactive:                              1545896.
Pages wired down:                             489063.
Pages occupied by compressor:                 293716.
Swapins:                                     5793200.
Swapouts:                                    7432653.
2026-10-05T08:44:05Z
vm.loadavg: { 28.38 14.27 9.50 }
vm.swapusage: total = 10240.00M  used = 8813.62M  free = 1426.38M  (encrypted)
Pages free:                                   196690.
Pages active:                                1598876.
Pages inactive:                              1573222.
Pages wired down:                             461019.
Pages occupied by compressor:                 293620.
Swapins:                                     5793206.
Swapouts:                                    7432653.
2026-10-05T08:44:10Z
vm.loadavg: { 28.43 14.52 9.61 }
vm.swapusage: total = 10240.00M  used = 8813.62M  free = 1426.38M  (encrypted)
Pages free:                                   218404.
Pages active:                                1590377.
Pages inactive:                              1564035.
Pages wired down:                             457039.
Pages occupied by compressor:                 293251.
Swapins:                                     5793209.
Swapouts:                                    7432653.
2026-10-05T08:44:15Z
vm.loadavg: { 27.68 14.59 9.67 }
vm.swapusage: total = 10240.00M  used = 8813.62M  free = 1426.38M  (encrypted)
Pages free:                                   172795.
Pages active:                                1609931.
Pages inactive:                              1583893.
Pages wired down:                             463346.
Pages occupied by compressor:                 293048.
Swapins:                                     5793213.
Swapouts:                                    7432653.
2026-10-05T08:44:20Z
vm.loadavg: { 29.06 15.10 9.87 }
vm.swapusage: total = 10240.00M  used = 8813.62M  free = 1426.38M  (encrypted)
Pages free:                                   147102.
Pages active:                                1623210.
Pages inactive:                              1595760.
Pages wired down:                             463394.
Pages occupied by compressor:                 292920.
Swapins:                                     5793213.
Swapouts:                                    7432653.
2026-10-05T08:44:25Z
vm.loadavg: { 28.98 15.31 9.98 }
vm.swapusage: total = 10240.00M  used = 8813.62M  free = 1426.38M  (encrypted)
Pages free:                                   144224.
Pages active:                                1620942.
Pages inactive:                              1593614.
Pages wired down:                             470409.
Pages occupied by compressor:                 292708.
Swapins:                                     5793225.
Swapouts:                                    7432653.
2026-10-05T08:44:30Z
vm.loadavg: { 27.78 15.29 10.00 }
vm.swapusage: total = 10240.00M  used = 8813.62M  free = 1426.38M  (encrypted)
Pages free:                                   152563.
Pages active:                                1626519.
Pages inactive:                              1598648.
Pages wired down:                             451391.
Pages occupied by compressor:                 292558.
Swapins:                                     5793225.
Swapouts:                                    7432653.
2026-10-05T08:44:35Z
vm.loadavg: { 27.08 15.35 10.06 }
vm.swapusage: total = 10240.00M  used = 8813.62M  free = 1426.38M  (encrypted)
Pages free:                                   130920.
Pages active:                                1628091.
Pages inactive:                              1599554.
Pages wired down:                             468432.
Pages occupied by compressor:                 292209.
Swapins:                                     5793229.
Swapouts:                                    7432653.
2026-10-05T08:44:40Z
vm.loadavg: { 26.03 15.33 10.08 }
vm.swapusage: total = 10240.00M  used = 8813.62M  free = 1426.38M  (encrypted)
Pages free:                                   145361.
Pages active:                                1623256.
Pages inactive:                              1593881.
Pages wired down:                             464185.
Pages occupied by compressor:                 292171.
Swapins:                                     5793229.
Swapouts:                                    7432653.
2026-10-05T08:44:45Z
vm.loadavg: { 25.23 15.34 10.11 }
vm.swapusage: total = 10240.00M  used = 8813.62M  free = 1426.38M  (encrypted)
Pages free:                                   167762.
Pages active:                                1605995.
Pages inactive:                              1590903.
Pages wired down:                             461967.
Pages occupied by compressor:                 292066.
Swapins:                                     5793229.
Swapouts:                                    7432653.
2026-10-05T08:44:50Z
vm.loadavg: { 24.41 15.33 10.14 }
vm.swapusage: total = 10240.00M  used = 8813.62M  free = 1426.38M  (encrypted)
Pages free:                                   289520.
Pages active:                                1518105.
Pages inactive:                              1565489.
Pages wired down:                             456934.
Pages occupied by compressor:                 292024.
Swapins:                                     5793237.
Swapouts:                                    7432653.
2026-10-05T08:44:55Z
vm.loadavg: { 23.89 15.38 10.19 }
vm.swapusage: total = 10240.00M  used = 8813.62M  free = 1426.38M  (encrypted)
Pages free:                                   305760.
Pages active:                                1521490.
Pages inactive:                              1561837.
Pages wired down:                             450629.
Pages occupied by compressor:                 291242.
Swapins:                                     5793279.
Swapouts:                                    7432653.
2026-10-05T08:45:00Z
vm.loadavg: { 22.94 15.32 10.20 }
vm.swapusage: total = 10240.00M  used = 8813.62M  free = 1426.38M  (encrypted)
Pages free:                                   231794.
Pages active:                                1540203.
Pages inactive:                              1552087.
Pages wired down:                             517978.
Pages occupied by compressor:                 291114.
Swapins:                                     5793287.
Swapouts:                                    7432653.
2026-10-05T08:45:05Z
vm.loadavg: { 21.82 15.22 10.19 }
vm.swapusage: total = 10240.00M  used = 8805.62M  free = 1434.38M  (encrypted)
Pages free:                                   261578.
Pages active:                                1568509.
Pages inactive:                              1553766.
Pages wired down:                             458957.
Pages occupied by compressor:                 291082.
Swapins:                                     5793322.
Swapouts:                                    7432653.
2026-10-05T08:45:10Z
vm.loadavg: { 20.96 15.15 10.19 }
vm.swapusage: total = 10240.00M  used = 8805.62M  free = 1434.38M  (encrypted)
Pages free:                                   307182.
Pages active:                                1538435.
Pages inactive:                              1533058.
Pages wired down:                             464058.
Pages occupied by compressor:                 291039.
Swapins:                                     5793338.
Swapouts:                                    7432653.
2026-10-05T08:45:15Z
vm.loadavg: { 20.32 15.11 10.21 }
vm.swapusage: total = 10240.00M  used = 8805.62M  free = 1434.38M  (encrypted)
Pages free:                                   324882.
Pages active:                                1520727.
Pages inactive:                              1519669.
Pages wired down:                             477672.
Pages occupied by compressor:                 290821.
Swapins:                                     5793338.
Swapouts:                                    7432653.
2026-10-05T08:45:20Z
vm.loadavg: { 19.65 15.06 10.22 }
vm.swapusage: total = 10240.00M  used = 8805.62M  free = 1434.38M  (encrypted)
Pages free:                                   336068.
Pages active:                                1531004.
Pages inactive:                              1517007.
Pages wired down:                             458314.
Pages occupied by compressor:                 290258.
Swapins:                                     5793338.
Swapouts:                                    7432653.
2026-10-05T08:45:25Z
vm.loadavg: { 18.56 14.91 10.20 }
vm.swapusage: total = 10240.00M  used = 8805.62M  free = 1434.38M  (encrypted)
Pages free:                                   325152.
Pages active:                                1513829.
Pages inactive:                              1521730.
Pages wired down:                             481593.
Pages occupied by compressor:                 290221.
Swapins:                                     5793346.
Swapouts:                                    7432653.
2026-10-05T08:45:30Z
vm.loadavg: { 17.71 14.79 10.18 }
vm.swapusage: total = 10240.00M  used = 8805.62M  free = 1434.38M  (encrypted)
Pages free:                                   260100.
Pages active:                                1554666.
Pages inactive:                              1536562.
Pages wired down:                             490010.
Pages occupied by compressor:                 290002.
Swapins:                                     5793346.
Swapouts:                                    7432653.
2026-10-05T08:45:35Z
vm.loadavg: { 17.34 14.76 10.20 }
vm.swapusage: total = 10240.00M  used = 8805.62M  free = 1434.38M  (encrypted)
Pages free:                                   309537.
Pages active:                                1516613.
Pages inactive:                              1536213.
Pages wired down:                             479539.
Pages occupied by compressor:                 289980.
Swapins:                                     5793349.
Swapouts:                                    7432653.
2026-10-05T08:45:40Z
vm.loadavg: { 17.15 14.77 10.23 }
vm.swapusage: total = 10240.00M  used = 8805.62M  free = 1434.38M  (encrypted)
Pages free:                                   323266.
Pages active:                                1516443.
Pages inactive:                              1534788.
Pages wired down:                             467351.
Pages occupied by compressor:                 289964.
Swapins:                                     5793349.
Swapouts:                                    7432653.
2026-10-05T08:45:45Z
vm.loadavg: { 16.66 14.70 10.23 }
vm.swapusage: total = 10240.00M  used = 8805.62M  free = 1434.38M  (encrypted)
Pages free:                                   339088.
Pages active:                                1516939.
Pages inactive:                              1517986.
Pages wired down:                             467906.
Pages occupied by compressor:                 289924.
Swapins:                                     5793349.
Swapouts:                                    7432653.
2026-10-05T08:45:51Z
vm.loadavg: { 16.04 14.61 10.22 }
vm.swapusage: total = 10240.00M  used = 8805.62M  free = 1434.38M  (encrypted)
Pages free:                                   347561.
Pages active:                                1504081.
Pages inactive:                              1515694.
Pages wired down:                             475869.
Pages occupied by compressor:                 289918.
Swapins:                                     5793349.
Swapouts:                                    7432653.
2026-10-05T08:45:56Z
vm.loadavg: { 15.48 14.52 10.22 }
vm.swapusage: total = 10240.00M  used = 8805.62M  free = 1434.38M  (encrypted)
Pages free:                                   345256.
Pages active:                                1512104.
Pages inactive:                              1515946.
Pages wired down:                             469981.
Pages occupied by compressor:                 289848.
Swapins:                                     5793349.
Swapouts:                                    7432653.
2026-10-05T08:46:01Z
vm.loadavg: { 14.88 14.41 10.20 }
vm.swapusage: total = 10240.00M  used = 8805.62M  free = 1434.38M  (encrypted)
Pages free:                                   301549.
Pages active:                                1525030.
Pages inactive:                              1511631.
Pages wired down:                             505259.
Pages occupied by compressor:                 289831.
Swapins:                                     5793349.
Swapouts:                                    7432653.
2026-10-05T08:46:06Z
vm.loadavg: { 14.97 14.43 10.24 }
vm.swapusage: total = 10240.00M  used = 8805.62M  free = 1434.38M  (encrypted)
Pages free:                                   274187.
Pages active:                                1563123.
Pages inactive:                              1545932.
Pages wired down:                             458646.
Pages occupied by compressor:                 289824.
Swapins:                                     5793357.
Swapouts:                                    7432653.
2026-10-05T08:46:11Z
vm.loadavg: { 14.49 14.34 10.23 }
vm.swapusage: total = 10240.00M  used = 8805.62M  free = 1434.38M  (encrypted)
Pages free:                                   309680.
Pages active:                                1535979.
Pages inactive:                              1539609.
Pages wired down:                             456744.
Pages occupied by compressor:                 289782.
Swapins:                                     5793357.
Swapouts:                                    7432653.
2026-10-05T08:46:16Z
vm.loadavg: { 13.89 14.22 10.21 }
vm.swapusage: total = 10240.00M  used = 8805.62M  free = 1434.38M  (encrypted)
Pages free:                                   279366.
Pages active:                                1541357.
Pages inactive:                              1540526.
Pages wired down:                             480879.
Pages occupied by compressor:                 289590.
Swapins:                                     5793453.
Swapouts:                                    7432653.
2026-10-05T08:46:21Z
vm.loadavg: { 13.58 14.15 10.21 }
vm.swapusage: total = 10240.00M  used = 8805.62M  free = 1434.38M  (encrypted)
Pages free:                                   278158.
Pages active:                                1521752.
Pages inactive:                              1541005.
Pages wired down:                             501259.
Pages occupied by compressor:                 289559.
Swapins:                                     5793453.
Swapouts:                                    7432653.
2026-10-05T08:46:26Z
vm.loadavg: { 13.05 14.03 10.19 }
vm.swapusage: total = 10240.00M  used = 8797.62M  free = 1442.38M  (encrypted)
Pages free:                                   297114.
Pages active:                                1530973.
Pages inactive:                              1529435.
Pages wired down:                             483829.
Pages occupied by compressor:                 289696.
Swapins:                                     5793734.
Swapouts:                                    7432653.
2026-10-05T08:46:31Z
vm.loadavg: { 14.81 14.38 10.34 }
vm.swapusage: total = 10240.00M  used = 8797.62M  free = 1442.38M  (encrypted)
Pages free:                                   279388.
Pages active:                                1550242.
Pages inactive:                              1534075.
Pages wired down:                             477510.
Pages occupied by compressor:                 289651.
Swapins:                                     5793745.
Swapouts:                                    7432653.
2026-10-05T08:46:36Z
vm.loadavg: { 16.11 14.66 10.46 }
vm.swapusage: total = 10240.00M  used = 8797.62M  free = 1442.38M  (encrypted)
Pages free:                                   270697.
Pages active:                                1553458.
Pages inactive:                              1534433.
Pages wired down:                             482491.
Pages occupied by compressor:                 289641.
Swapins:                                     5793745.
Swapouts:                                    7432653.
2026-10-05T08:46:41Z
vm.loadavg: { 15.94 14.65 10.48 }
vm.swapusage: total = 10240.00M  used = 8797.62M  free = 1442.38M  (encrypted)
Pages free:                                   277092.
Pages active:                                1550507.
Pages inactive:                              1532564.
Pages wired down:                             480880.
Pages occupied by compressor:                 289632.
Swapins:                                     5793749.
Swapouts:                                    7432653.
2026-10-05T08:46:46Z
vm.loadavg: { 15.54 14.58 10.48 }
vm.swapusage: total = 10240.00M  used = 8797.62M  free = 1442.38M  (encrypted)
Pages free:                                   247848.
Pages active:                                1561177.
Pages inactive:                              1557675.
Pages wired down:                             475709.
Pages occupied by compressor:                 289534.
Swapins:                                     5793808.
Swapouts:                                    7432653.
2026-10-05T08:46:51Z
vm.loadavg: { 15.18 14.52 10.48 }
vm.swapusage: total = 10240.00M  used = 8797.62M  free = 1442.38M  (encrypted)
Pages free:                                   262655.
Pages active:                                1547657.
Pages inactive:                              1556108.
Pages wired down:                             476177.
Pages occupied by compressor:                 289510.
Swapins:                                     5793808.
Swapouts:                                    7432653.
2026-10-05T08:46:56Z
vm.loadavg: { 15.16 14.53 10.51 }
vm.swapusage: total = 10240.00M  used = 8797.62M  free = 1442.38M  (encrypted)
Pages free:                                   269775.
Pages active:                                1548596.
Pages inactive:                              1547791.
Pages wired down:                             475762.
Pages occupied by compressor:                 289437.
Swapins:                                     5793816.
Swapouts:                                    7432653.
2026-10-05T08:47:01Z
vm.loadavg: { 14.83 14.47 10.51 }
vm.swapusage: total = 10240.00M  used = 8797.62M  free = 1442.38M  (encrypted)
Pages free:                                   230088.
Pages active:                                1544090.
Pages inactive:                              1543687.
Pages wired down:                             523783.
Pages occupied by compressor:                 289396.
Swapins:                                     5793816.
Swapouts:                                    7432653.
2026-10-05T08:47:06Z
vm.loadavg: { 14.68 14.45 10.53 }
vm.swapusage: total = 10240.00M  used = 8797.62M  free = 1442.38M  (encrypted)
Pages free:                                   260998.
Pages active:                                1548379.
Pages inactive:                              1556171.
Pages wired down:                             476526.
Pages occupied by compressor:                 289359.
Swapins:                                     5793816.
Swapouts:                                    7432653.
2026-10-05T08:47:11Z
vm.loadavg: { 14.71 14.46 10.55 }
vm.swapusage: total = 10240.00M  used = 8797.62M  free = 1442.38M  (encrypted)
Pages free:                                   252963.
Pages active:                                1568939.
Pages inactive:                              1550893.
Pages wired down:                             468351.
Pages occupied by compressor:                 289116.
Swapins:                                     5793846.
Swapouts:                                    7432653.
2026-10-05T08:47:16Z
vm.loadavg: { 14.65 14.45 10.57 }
vm.swapusage: total = 10240.00M  used = 8797.62M  free = 1442.38M  (encrypted)
Pages free:                                   234845.
Pages active:                                1580992.
Pages inactive:                              1562652.
Pages wired down:                             462583.
Pages occupied by compressor:                 289087.
Swapins:                                     5793850.
Swapouts:                                    7432653.
2026-10-05T08:47:21Z
vm.loadavg: { 14.52 14.43 10.59 }
vm.swapusage: total = 10240.00M  used = 8797.62M  free = 1442.38M  (encrypted)
Pages free:                                   209244.
Pages active:                                1582158.
Pages inactive:                              1571170.
Pages wired down:                             478749.
Pages occupied by compressor:                 288998.
Swapins:                                     5793933.
Swapouts:                                    7432653.
2026-10-05T08:47:26Z
vm.loadavg: { 14.08 14.33 10.58 }
vm.swapusage: total = 10240.00M  used = 8797.62M  free = 1442.38M  (encrypted)
Pages free:                                   235922.
Pages active:                                1563868.
Pages inactive:                              1567038.
Pages wired down:                             473028.
Pages occupied by compressor:                 289000.
Swapins:                                     5793945.
Swapouts:                                    7432653.
2026-10-05T08:47:31Z
vm.loadavg: { 13.91 14.30 10.58 }
vm.swapusage: total = 10240.00M  used = 8797.62M  free = 1442.38M  (encrypted)
Pages free:                                   208961.
Pages active:                                1587530.
Pages inactive:                              1573419.
Pages wired down:                             470541.
Pages occupied by compressor:                 288864.
Swapins:                                     5793973.
Swapouts:                                    7432653.
2026-10-05T08:47:36Z
vm.loadavg: { 13.76 14.26 10.59 }
vm.swapusage: total = 10240.00M  used = 8797.62M  free = 1442.38M  (encrypted)
Pages free:                                   204681.
Pages active:                                1568172.
Pages inactive:                              1559866.
Pages wired down:                             495913.
Pages occupied by compressor:                 288848.
Swapins:                                     5793973.
Swapouts:                                    7432653.
2026-10-05T08:47:41Z
vm.loadavg: { 13.86 14.27 10.62 }
vm.swapusage: total = 10240.00M  used = 8797.62M  free = 1442.38M  (encrypted)
Pages free:                                   233009.
Pages active:                                1577443.
Pages inactive:                              1546732.
Pages wired down:                             471872.
Pages occupied by compressor:                 288837.
Swapins:                                     5793984.
Swapouts:                                    7432653.
2026-10-05T08:47:46Z
vm.loadavg: { 13.55 14.20 10.61 }
vm.swapusage: total = 10240.00M  used = 8797.62M  free = 1442.38M  (encrypted)
Pages free:                                   240662.
Pages active:                                1569191.
Pages inactive:                              1544211.
Pages wired down:                             476599.
Pages occupied by compressor:                 288590.
Swapins:                                     5793988.
Swapouts:                                    7432653.
2026-10-05T08:47:51Z
vm.loadavg: { 13.26 14.13 10.61 }
vm.swapusage: total = 10240.00M  used = 8797.62M  free = 1442.38M  (encrypted)
Pages free:                                   241420.
Pages active:                                1572152.
Pages inactive:                              1545702.
Pages wired down:                             471432.
Pages occupied by compressor:                 288583.
Swapins:                                     5793988.
Swapouts:                                    7432653.
2026-10-05T08:47:56Z
vm.loadavg: { 13.16 14.09 10.62 }
vm.swapusage: total = 10240.00M  used = 8797.62M  free = 1442.38M  (encrypted)
Pages free:                                   195489.
Pages active:                                1565937.
Pages inactive:                              1536683.
Pages wired down:                             532741.
Pages occupied by compressor:                 288379.
Swapins:                                     5793992.
Swapouts:                                    7432653.
2026-10-05T08:48:01Z
vm.loadavg: { 13.15 14.07 10.63 }
vm.swapusage: total = 10240.00M  used = 8797.62M  free = 1442.38M  (encrypted)
Pages free:                                   220337.
Pages active:                                1559202.
Pages inactive:                              1545387.
Pages wired down:                             518408.
Pages occupied by compressor:                 287838.
Swapins:                                     5794000.
Swapouts:                                    7432653.
2026-10-05T08:48:06Z
vm.loadavg: { 13.30 14.09 10.66 }
vm.swapusage: total = 10240.00M  used = 8797.62M  free = 1442.38M  (encrypted)
Pages free:                                   252054.
Pages active:                                1562041.
Pages inactive:                              1553453.
Pages wired down:                             475663.
Pages occupied by compressor:                 287832.
Swapins:                                     5794000.
Swapouts:                                    7432653.
2026-10-05T08:48:11Z
vm.loadavg: { 13.19 14.05 10.66 }
vm.swapusage: total = 10240.00M  used = 8797.62M  free = 1442.38M  (encrypted)
Pages free:                                   261697.
Pages active:                                1559151.
Pages inactive:                              1545211.
Pages wired down:                             476577.
Pages occupied by compressor:                 287816.
Swapins:                                     5794004.
Swapouts:                                    7432653.
2026-10-05T08:48:16Z
vm.loadavg: { 13.50 14.10 10.70 }
vm.swapusage: total = 10240.00M  used = 8797.62M  free = 1442.38M  (encrypted)
Pages free:                                   201333.
Pages active:                                1567265.
Pages inactive:                              1550854.
Pages wired down:                             523372.
Pages occupied by compressor:                 287483.
Swapins:                                     5794047.
Swapouts:                                    7432653.
2026-10-05T08:48:21Z
vm.loadavg: { 13.22 14.03 10.70 }
vm.swapusage: total = 10240.00M  used = 8797.62M  free = 1442.38M  (encrypted)
Pages free:                                   129057.
Pages active:                                1605882.
Pages inactive:                              1587175.
Pages wired down:                             520700.
Pages occupied by compressor:                 287317.
Swapins:                                     5794064.
Swapouts:                                    7432653.
2026-10-05T08:48:26Z
vm.loadavg: { 12.88 13.95 10.69 }
vm.swapusage: total = 10240.00M  used = 8797.62M  free = 1442.38M  (encrypted)
Pages free:                                   180661.
Pages active:                                1591152.
Pages inactive:                              1597254.
Pages wired down:                             473238.
Pages occupied by compressor:                 287241.
Swapins:                                     5794068.
Swapouts:                                    7432653.
2026-10-05T08:48:31Z
vm.loadavg: { 13.13 13.98 10.72 }
vm.swapusage: total = 10240.00M  used = 8789.62M  free = 1450.38M  (encrypted)
Pages free:                                   156184.
Pages active:                                1595809.
Pages inactive:                              1592550.
Pages wired down:                             497636.
Pages occupied by compressor:                 287193.
Swapins:                                     5794094.
Swapouts:                                    7432653.
2026-10-05T08:48:36Z
vm.loadavg: { 13.28 14.00 10.74 }
vm.swapusage: total = 10240.00M  used = 8789.62M  free = 1450.38M  (encrypted)
Pages free:                                   216474.
Pages active:                                1596922.
Pages inactive:                              1576994.
Pages wired down:                             448183.
Pages occupied by compressor:                 287179.
Swapins:                                     5794094.
Swapouts:                                    7432653.
2026-10-05T08:48:41Z
vm.loadavg: { 13.18 13.97 10.75 }
vm.swapusage: total = 10240.00M  used = 8789.62M  free = 1450.38M  (encrypted)
Pages free:                                   109256.
Pages active:                                1630959.
Pages inactive:                              1597654.
Pages wired down:                             490814.
Pages occupied by compressor:                 286934.
Swapins:                                     5794094.
Swapouts:                                    7432653.
2026-10-05T08:48:46Z
vm.loadavg: { 13.64 14.05 10.80 }
vm.swapusage: total = 10240.00M  used = 8789.62M  free = 1450.38M  (encrypted)
Pages free:                                    81329.
Pages active:                                1624206.
Pages inactive:                              1599599.
Pages wired down:                             512440.
Pages occupied by compressor:                 286782.
Swapins:                                     5794094.
Swapouts:                                    7432653.
2026-10-05T08:48:52Z
vm.loadavg: { 13.67 14.05 10.82 }
vm.swapusage: total = 10240.00M  used = 8781.62M  free = 1458.38M  (encrypted)
Pages free:                                    56685.
Pages active:                                1656891.
Pages inactive:                              1601961.
Pages wired down:                             492596.
Pages occupied by compressor:                 285625.
Swapins:                                     5794097.
Swapouts:                                    7432653.
2026-10-05T08:48:57Z
vm.loadavg: { 13.38 13.98 10.81 }
vm.swapusage: total = 10240.00M  used = 8781.62M  free = 1458.38M  (encrypted)
Pages free:                                     5713.
Pages active:                                1681268.
Pages inactive:                              1618123.
Pages wired down:                             492936.
Pages occupied by compressor:                 285588.
Swapins:                                     5794097.
Swapouts:                                    7432653.
2026-10-05T08:49:02Z
vm.loadavg: { 13.75 14.05 10.85 }
vm.swapusage: total = 10240.00M  used = 8781.62M  free = 1458.38M  (encrypted)
Pages free:                                     7025.
Pages active:                                1681230.
Pages inactive:                              1673572.
Pages wired down:                             507010.
Pages occupied by compressor:                 272427.
Swapins:                                     5794097.
Swapouts:                                    7432653.
2026-10-05T08:49:07Z
vm.loadavg: { 13.93 14.08 10.88 }
vm.swapusage: total = 10240.00M  used = 8781.62M  free = 1458.38M  (encrypted)
Pages free:                                    47230.
Pages active:                                1663260.
Pages inactive:                              1656985.
Pages wired down:                             491397.
Pages occupied by compressor:                 274034.
Swapins:                                     5794101.
Swapouts:                                    7432653.
2026-10-05T08:49:12Z
vm.loadavg: { 16.41 14.59 11.08 }
vm.swapusage: total = 10240.00M  used = 8781.62M  free = 1458.38M  (encrypted)
Pages free:                                    94625.
Pages active:                                1625975.
Pages inactive:                              1614404.
Pages wired down:                             503042.
Pages occupied by compressor:                 296408.
Swapins:                                     5794101.
Swapouts:                                    7432653.
2026-10-05T08:49:17Z
vm.loadavg: { 16.30 14.60 11.11 }
vm.swapusage: total = 10240.00M  used = 8781.62M  free = 1458.38M  (encrypted)
Pages free:                                     5616.
Pages active:                                1680212.
Pages inactive:                              1667234.
Pages wired down:                             488998.
Pages occupied by compressor:                 296011.
Swapins:                                     5794105.
Swapouts:                                    7432653.
2026-10-05T08:49:22Z
vm.loadavg: { 15.96 14.56 11.11 }
vm.swapusage: total = 10240.00M  used = 8781.62M  free = 1458.38M  (encrypted)
Pages free:                                     5783.
Pages active:                                1658650.
Pages inactive:                              1648126.
Pages wired down:                             501793.
Pages occupied by compressor:                 324147.
Swapins:                                     5794127.
Swapouts:                                    7432653.
2026-10-05T08:49:27Z
vm.loadavg: { 15.96 14.58 11.14 }
vm.swapusage: total = 10240.00M  used = 8781.62M  free = 1458.38M  (encrypted)
Pages free:                                    20395.
Pages active:                                1656708.
Pages inactive:                              1648941.
Pages wired down:                             487790.
Pages occupied by compressor:                 325615.
Swapins:                                     5794143.
Swapouts:                                    7432653.
2026-10-05T08:49:32Z
vm.loadavg: { 16.28 14.67 11.19 }
vm.swapusage: total = 10240.00M  used = 8781.62M  free = 1458.38M  (encrypted)
Pages free:                                    18344.
Pages active:                                1683234.
Pages inactive:                              1677735.
Pages wired down:                             430966.
Pages occupied by compressor:                 334196.
Swapins:                                     5794151.
Swapouts:                                    7432653.
2026-10-05T08:49:37Z
vm.loadavg: { 16.34 14.71 11.22 }
vm.swapusage: total = 10240.00M  used = 8781.62M  free = 1458.38M  (encrypted)
Pages free:                                     6111.
Pages active:                                1648122.
Pages inactive:                              1645479.
Pages wired down:                             493592.
Pages occupied by compressor:                 353337.
Swapins:                                     5794151.
Swapouts:                                    7432653.
2026-10-05T08:49:42Z
vm.loadavg: { 16.31 14.73 11.25 }
vm.swapusage: total = 10240.00M  used = 8781.62M  free = 1458.38M  (encrypted)
Pages free:                                    23259.
Pages active:                                1647057.
Pages inactive:                              1642887.
Pages wired down:                             455845.
Pages occupied by compressor:                 376107.
Swapins:                                     5794151.
Swapouts:                                    7432653.
2026-10-05T08:49:47Z
vm.loadavg: { 16.29 14.75 11.28 }
vm.swapusage: total = 10240.00M  used = 8781.62M  free = 1458.38M  (encrypted)
Pages free:                                     5486.
Pages active:                                1646154.
Pages inactive:                              1643440.
Pages wired down:                             476331.
Pages occupied by compressor:                 375356.
Swapins:                                     5794155.
Swapouts:                                    7432653.
2026-10-05T08:49:52Z
vm.loadavg: { 17.23 14.97 11.38 }
vm.swapusage: total = 10240.00M  used = 8781.62M  free = 1458.38M  (encrypted)
Pages free:                                    11143.
Pages active:                                1649588.
Pages inactive:                              1646707.
Pages wired down:                             462606.
Pages occupied by compressor:                 376700.
Swapins:                                     5794155.
Swapouts:                                    7432653.
2026-10-05T08:49:57Z
vm.loadavg: { 16.65 14.89 11.37 }
vm.swapusage: total = 10240.00M  used = 8781.62M  free = 1458.38M  (encrypted)
Pages free:                                    27261.
Pages active:                                1618226.
Pages inactive:                              1614983.
Pages wired down:                             503338.
Pages occupied by compressor:                 382412.
Swapins:                                     5794159.
Swapouts:                                    7432653.
2026-10-05T08:50:02Z
vm.loadavg: { 16.99 14.99 11.43 }
vm.swapusage: total = 10240.00M  used = 8781.62M  free = 1458.38M  (encrypted)
Pages free:                                    11721.
Pages active:                                1612104.
Pages inactive:                              1610122.
Pages wired down:                             498866.
Pages occupied by compressor:                 414433.
Swapins:                                     5794159.
Swapouts:                                    7432653.
2026-10-05T08:50:07Z
vm.loadavg: { 16.83 14.99 11.45 }
vm.swapusage: total = 10240.00M  used = 8781.62M  free = 1458.38M  (encrypted)
Pages free:                                    71341.
Pages active:                                1589305.
Pages inactive:                              1585990.
Pages wired down:                             497095.
Pages occupied by compressor:                 402030.
Swapins:                                     5794163.
Swapouts:                                    7432653.
2026-10-05T08:50:12Z
vm.loadavg: { 17.09 15.07 11.50 }
vm.swapusage: total = 10240.00M  used = 8781.62M  free = 1458.38M  (encrypted)
Pages free:                                    66825.
Pages active:                                1604657.
Pages inactive:                              1601109.
Pages wired down:                             476885.
Pages occupied by compressor:                 396061.
Swapins:                                     5794167.
Swapouts:                                    7432653.
2026-10-05T08:50:17Z
vm.loadavg: { 16.68 15.02 11.50 }
vm.swapusage: total = 10240.00M  used = 8781.62M  free = 1458.38M  (encrypted)
Pages free:                                   133860.
Pages active:                                1576569.
Pages inactive:                              1574714.
Pages wired down:                             465716.
Pages occupied by compressor:                 394463.
Swapins:                                     5794167.
Swapouts:                                    7432653.
2026-10-05T08:50:22Z
vm.loadavg: { 17.91 15.30 11.62 }
vm.swapusage: total = 10240.00M  used = 8781.62M  free = 1458.38M  (encrypted)
Pages free:                                    18529.
Pages active:                                1612970.
Pages inactive:                              1599262.
Pages wired down:                             512902.
Pages occupied by compressor:                 391669.
Swapins:                                     5794226.
Swapouts:                                    7432653.
2026-10-05T08:50:27Z
vm.loadavg: { 18.55 15.48 11.70 }
vm.swapusage: total = 10240.00M  used = 8781.62M  free = 1458.38M  (encrypted)
Pages free:                                    26848.
Pages active:                                1584508.
Pages inactive:                              1596001.
Pages wired down:                             547035.
Pages occupied by compressor:                 391566.
Swapins:                                     5794226.
Swapouts:                                    7432653.
2026-10-05T08:50:32Z
vm.loadavg: { 18.43 15.50 11.73 }
vm.swapusage: total = 10240.00M  used = 8781.62M  free = 1458.38M  (encrypted)
Pages free:                                    42364.
Pages active:                                1611252.
Pages inactive:                              1603473.
Pages wired down:                             493644.
Pages occupied by compressor:                 390436.
Swapins:                                     5794233.
Swapouts:                                    7432653.
2026-10-05T08:50:37Z
vm.loadavg: { 18.32 15.53 11.76 }
vm.swapusage: total = 10240.00M  used = 8781.62M  free = 1458.38M  (encrypted)
Pages free:                                    45832.
Pages active:                                1603846.
Pages inactive:                              1603870.
Pages wired down:                             496327.
Pages occupied by compressor:                 390150.
Swapins:                                     5794237.
Swapouts:                                    7432653.
2026-10-05T08:50:42Z
vm.loadavg: { 17.81 15.47 11.77 }
vm.swapusage: total = 10240.00M  used = 8781.62M  free = 1458.38M  (encrypted)
Pages free:                                    18641.
Pages active:                                1619420.
Pages inactive:                              1606068.
Pages wired down:                             501830.
Pages occupied by compressor:                 389873.
Swapins:                                     5794241.
Swapouts:                                    7432653.
2026-10-05T08:50:47Z
vm.loadavg: { 17.42 15.43 11.77 }
vm.swapusage: total = 10240.00M  used = 8781.62M  free = 1458.38M  (encrypted)
Pages free:                                    13374.
Pages active:                                1628203.
Pages inactive:                              1613630.
Pages wired down:                             490005.
Pages occupied by compressor:                 389614.
Swapins:                                     5794241.
Swapouts:                                    7432653.
2026-10-05T08:50:52Z
vm.loadavg: { 17.63 15.50 11.82 }
vm.swapusage: total = 10240.00M  used = 8781.62M  free = 1458.38M  (encrypted)
Pages free:                                    10561.
Pages active:                                1610086.
Pages inactive:                              1597746.
Pages wired down:                             522489.
Pages occupied by compressor:                 396118.
Swapins:                                     5794241.
Swapouts:                                    7432653.
2026-10-05T08:50:57Z
vm.loadavg: { 17.66 15.55 11.86 }
vm.swapusage: total = 10240.00M  used = 8781.62M  free = 1458.38M  (encrypted)
Pages free:                                    43910.
Pages active:                                1557366.
Pages inactive:                              1553018.
Pages wired down:                             561060.
Pages occupied by compressor:                 429543.
Swapins:                                     5794245.
Swapouts:                                    7432653.
2026-10-05T08:51:02Z
vm.loadavg: { 17.29 15.50 11.86 }
vm.swapusage: total = 10240.00M  used = 8781.62M  free = 1458.38M  (encrypted)
Pages free:                                    57261.
Pages active:                                1575058.
Pages inactive:                              1580044.
Pages wired down:                             500746.
Pages occupied by compressor:                 428406.
Swapins:                                     5794245.
Swapouts:                                    7432653.
